setting,method,x0_index,x0_1,n_reps,n_unlab_clusters,coverage,coverage_cluster_se,coverage_cluster_sd,bias,rmse,se_mean,width,emp_sd,omega_mean,omega_clipped_rate,omega_sd_mean,omega_min_mean,omega_max_mean,sigma2_Y_mean,sigma2_Y_minus_f_mean,sigma2_f_mean,tuning_seconds_mean_per_unlab_draw,estimation_seconds_mean,amortized_procedure_seconds_mean,x0_2,x0_3
base_q0.5_s1,LO,0,0.7,1000,50,0.944,0.0066455447712074,0.0469910977239957,-0.0278906862368892,0.3594734426326374,0.3267845762818177,1.2809955390247256,0.3585691529075142,,,,,,47.01628503412778,,,11.370885759796948,0.0033216069908812,0.5718658949807286,0.7,0.7
base_q0.5_s1,LO,1,0.7,1000,50,0.948,0.006540298938434,0.0462468973035389,-0.0369876758527116,0.3305616289231448,0.3096589779526018,1.2138631935741993,0.328650138086997,,,,,,44.023522750712246,,,11.36372777696699,0.0033214796949177,0.5715078685432673,0.7,0.85
base_q0.5_s1,LO,2,0.7,1000,50,0.951,0.0080165644837703,0.0566856710829328,-0.0310256437772891,0.3308945118053243,0.3080208973726221,1.2074419177006792,0.3296016149773608,,,,,,44.69333741334584,,,11.365334635414182,0.0033227432081475,0.5715894749788567,0.85,0.7
base_q0.5_s1,LO,3,0.7,1000,50,0.929,0.007705020891521,0.0544827252157853,0.0078178851841453,0.3115884419314845,0.2902536373668463,1.1377942584780378,0.3116462115568154,,,,,,39.57600105340045,,,11.3846619046852,0.0033342270050197,0.5725673222392796,0.85,0.85
base_q0.5_s1,LO,4,0.85,1000,50,0.94,0.0065465367070797,0.0462910049886275,-0.0224629984991091,0.3186428821673915,0.2940603319542201,1.152716501260543,0.3180091663525683,,,,,,43.15018445740539,,,11.38797388382256,0.0033342985017225,0.5727329926928505,0.7,0.7
base_q0.5_s1,LO,5,0.85,1000,50,0.924,0.0075916172889065,0.0536808406515883,-0.0100989274880437,0.3066390998388258,0.2804722004635842,1.0994510258172498,0.3066261058395697,,,,,,38.15759016222575,,,11.3816378422454,0.0033346744282171,0.5724165665404871,0.7,0.85
base_q0.5_s1,LO,6,0.85,1000,50,0.953,0.0059607560128643,0.0421489099769483,-0.0157631746854388,0.3025484373449716,0.2839549611528947,1.1131034477193475,0.3022886992949654,,,,,,39.64084459657322,,,11.26392232492566,0.0033323680609464,0.5665284843072296,0.85,0.7
base_q0.5_s1,LO,7,0.85,1000,50,0.927,0.0078519463335207,0.0555216449794536,-0.0230134578509756,0.2978160332829949,0.2718362976117748,1.0655982866381573,0.2970741043268849,,,,,,37.278428901572575,,,11.286751673445105,0.00333517001383,0.5676727536860854,0.85,0.85
base_q0.5_s1,PPCI,0,0.7,1000,50,0.921,0.0078363360868014,0.0554112638663413,-0.0022737029233158,0.3906505207031447,0.3780221435052106,1.4818468025404254,0.3908393723969866,1.0,,,,,49.462567924411566,74.92463070331765,45.27462899056256,11.370885759796948,0.0033625295851379,0.5719068175749853,0.7,0.7
base_q0.5_s1,PPCI,1,0.7,1000,50,0.934,0.0070624040538904,0.0499387379798529,-0.0128192337131843,0.3561487776670322,0.3521866964182798,1.3805718499596569,0.3560960874598766,1.0,,,,,45.37886204672262,65.15395548021186,37.1215297242682,11.36372777696699,0.0033621064582839,0.5715484953066334,0.7,0.85
base_q0.5_s1,PPCI,2,0.7,1000,50,0.933,0.0080318244553546,0.056793575376812,-0.0092426812948482,0.3418355129559524,0.3386053221225794,1.3273328627205114,0.3418815200242256,1.0,,,,,45.76506824872353,60.43865080076695,28.76784913784491,11.365334635414182,0.003363325593993,0.5716300573647022,0.85,0.7
base_q0.5_s1,PPCI,3,0.7,1000,50,0.917,0.00921511624164,0.0651607118388599,0.0368613109748,0.3231776565122933,0.316968018362437,1.2425146319807527,0.3212292478147788,1.0,,,,,40.060107513819496,53.07687074424363,21.650661201616817,11.3846619046852,0.0033758736476302,0.5726089688818902,0.85,0.85
base_q0.5_s1,PPCI,4,0.85,1000,50,0.946,0.0071199633110726,0.0503457433905888,-0.0141478381216265,0.3436807942909486,0.3376710827778756,1.3236706444892723,0.3435612920605927,1.0,,,,,44.62354445730054,59.498517737030014,32.234464850093005,11.38797388382256,0.0033767690891399,0.572775463280268,0.7,0.7
base_q0.5_s1,PPCI,5,0.85,1000,50,0.935,0.0084816729193127,0.0599744843705237,0.011672948288124,0.3213394318799425,0.3145639662146901,1.233090747561585,0.3212880308351759,1.0,,,,,39.06567745442624,52.01387116942847,26.46535521490518,11.3816378422454,0.0033751670243218,0.5724570591365918,0.7,0.85
base_q0.5_s1,PPCI,6,0.85,1000,50,0.949,0.008389741062872,0.0593244279795603,-0.0031149191200046,0.3133424714871217,0.3074198865032159,1.2050859550926063,0.3134837695803785,1.0,,,,,40.36209164172143,49.94110572987111,19.02806058119813,11.26392232492566,0.0033748432621359,0.5665709595084191,0.85,0.7
base_q0.5_s1,PPCI,7,0.85,1000,50,0.93,0.0084515425472851,0.0597614304667196,-0.0111856710092797,0.3134616365096286,0.2945763322243791,1.154739222319566,0.3134187448717828,1.0,,,,,38.04696842996769,46.31107898668224,17.187435529580593,11.286751673445105,0.0033776122415438,0.5677151959137992,0.85,0.85
base_q0.5_s1,PPCI++,0,0.7,1000,50,0.932,0.0069634614896879,0.0492391083988973,-0.0082298374301349,0.3320920671487222,0.3088597891951581,1.2107303736450197,0.3321561960547515,0.1995456964694143,0.164,0.0946221848737642,0.1109886828896171,0.3434546311372798,46.674357035938506,46.504301949625294,44.83023600767624,11.370885759796948,0.0015661657042801,0.5701104536941275,0.7,0.7
base_q0.5_s1,PPCI++,1,0.7,1000,50,0.936,0.0070043718126464,0.049528388066742,-0.0186744460048002,0.3090980499981876,0.2940061050073024,1.1525039316286252,0.30868779978618,0.2271014960993544,0.1342,0.0981937274278154,0.1318462426255695,0.3738106842544882,43.623517348207045,42.89566491449818,36.945347925406,11.36372777696699,0.0015660078730434,0.5697523967213929,0.7,0.85
base_q0.5_s1,PPCI++,2,0.7,1000,50,0.942,0.0077406955337966,0.05473498303048,-0.0152061240950717,0.30436991219462,0.2940811673426109,1.152798175983035,0.3041419398223877,0.2399050832331733,0.1466,0.112577625871732,0.1330680498831668,0.4108957613180031,44.32876593981364,43.18359990127265,28.87366922071958,11.365334635414182,0.0015662969611585,0.5698330287318676,0.85,0.7
base_q0.5_s1,PPCI++,3,0.7,1000,50,0.931,0.007268888133262,0.05139880090716,0.0247060173176395,0.2979543562323833,0.2814120417436152,1.1031352036349718,0.2970768684565097,0.2276722635159404,0.1958,0.1154866997177436,0.1241139623889609,0.4070559632031851,39.309047745269375,39.11792957424768,22.268086008374254,11.3846619046852,0.0015690921479836,0.5708021873822435,0.85,0.85
base_q0.5_s1,PPCI++,4,0.85,1000,50,0.927,0.0073136718492401,0.0517154695997084,-0.0096092089496392,0.2981003811688965,0.2811444699144623,1.1020863220646924,0.298094549962123,0.2350825891753506,0.1184,0.0958052583089533,0.1397474523419381,0.3764294005477083,42.87225585635523,41.8101046407139,31.57622490297125,11.38797388382256,0.0015706455260515,0.5709693397171796,0.7,0.7
base_q0.5_s1,PPCI++,5,0.85,1000,50,0.922,0.0090531311530027,0.0640153042925945,0.0055864806065959,0.2838866779416437,0.2695575438902279,1.0566655720496934,0.2839737280549032,0.2357234277092213,0.1318,0.0995237363351417,0.1355723298096421,0.3813201478804936,37.88610375370741,37.224357509399,26.403945989260283,11.3816378422454,0.0015759117612615,0.5706578038735315,0.7,0.85
base_q0.5_s1,PPCI++,6,0.85,1000,50,0.949,0.0066224725637138,0.0468279525802393,-0.0042716250124496,0.2758767573456652,0.2750399967325665,1.0781567871916606,0.2759817102050057,0.2461316871391755,0.1806,0.1196252660646932,0.131455561723412,0.4245744786840048,39.45174211299891,39.35022990255604,18.79882712353915,11.26392232492566,0.0016153086163103,0.5648114248625934,0.85,0.7
base_q0.5_s1,PPCI++,7,0.85,1000,50,0.911,0.0092901088502223,0.0656909896595338,-0.0109370718208629,0.2860935436153465,0.2641418321377007,1.035435981979787,0.2860274599863406,0.260373306546199,0.157,0.1192816874875178,0.1462364743510886,0.4403760288783362,37.20272968479156,36.31152957623072,17.085822285512105,11.286751673445105,0.0016107306750491,0.5659483143473044,0.85,0.85
base_q0.5_s1,PPI,0,0.7,1000,50,0.0,0.0,0.0,1.3709772387442494,1.3719775009783477,0.053311595208415,0.2089814532169871,0.0524063016863594,,,,,,,,,0.0,8.316394779831171e-05,8.316394779831171e-05,0.7,0.7
base_q0.5_s1,PPI,1,0.7,1000,50,0.0,0.0,0.0,1.313867272616391,1.3148882731334737,0.0532643764446977,0.2087963556632151,0.051832879708861,,,,,,,,,0.0,8.261040784418583e-05,8.261040784418583e-05,0.7,0.85
base_q0.5_s1,PPI,2,0.7,1000,50,0.0,0.0,0.0,1.0574344531523403,1.0587896639870311,0.0531963827114858,0.2085298202290245,0.0535798530497631,,,,,,,,,0.0,8.320109639316798e-05,8.320109639316798e-05,0.85,0.7
base_q0.5_s1,PPI,3,0.7,1000,50,0.0,0.0,0.0,0.9988442110450496,1.0003372634632817,0.0530882180588063,0.2081058147905209,0.0546614178887188,,,,,,,,,0.0,8.490496501326561e-05,8.490496501326561e-05,0.85,0.85
base_q0.5_s1,PPI,4,0.85,1000,50,0.0,0.0,0.0,1.451054499416314,1.4520467493361664,0.0530717199373161,0.2080411421542792,0.0536980955608624,,,,,,,,,0.0,8.437492698431016e-05,8.437492698431016e-05,0.7,0.7
base_q0.5_s1,PPI,5,0.85,1000,50,0.0,0.0,0.0,1.3930365751100586,1.3940254725031656,0.053079108952522,0.2080701070938864,0.0525250156647453,,,,,,,,,0.0,8.431206271052361e-05,8.431206271052361e-05,0.7,0.85
base_q0.5_s1,PPI,6,0.85,1000,50,0.0,0.0,0.0,1.0715678227581438,1.0728550627195108,0.0531847725158567,0.2084843082621585,0.0525656730408662,,,,,,,,,0.0,8.631145767867565e-05,8.631145767867565e-05,0.85,0.7
base_q0.5_s1,PPI,7,0.85,1000,50,0.0,0.0,0.0,1.0159410513322569,1.017332165283796,0.0531982981466397,0.2085373287348277,0.0532103945203449,,,,,,,,,0.0,8.596865367144346e-05,8.596865367144346e-05,0.85,0.85
base_q0.9_s1,LO,0,0.7,1000,50,0.944,0.0066455447712074,0.0469910977239957,-0.0278906862368892,0.3594734426326374,0.3267845762818177,1.2809955390247256,0.3585691529075142,,,,,,47.01628503412778,,,11.370885759796948,0.0033216245463117,0.5718659125361591,0.7,0.7
base_q0.9_s1,LO,1,0.7,1000,50,0.948,0.006540298938434,0.0462468973035389,-0.0369876758527116,0.3305616289231448,0.3096589779526018,1.2138631935741993,0.328650138086997,,,,,,44.023522750712246,,,11.36372777696699,0.0033213392812758,0.5715077281296254,0.7,0.85
base_q0.9_s1,LO,2,0.7,1000,50,0.951,0.0080165644837703,0.0566856710829328,-0.0310256437772891,0.3308945118053243,0.3080208973726221,1.2074419177006792,0.3296016149773608,,,,,,44.69333741334584,,,11.365334635414182,0.0033233804227784,0.5715901121934875,0.85,0.7
base_q0.9_s1,LO,3,0.7,1000,50,0.929,0.007705020891521,0.0544827252157853,0.0078178851841453,0.3115884419314845,0.2902536373668463,1.1377942584780378,0.3116462115568154,,,,,,39.57600105340045,,,11.3846619046852,0.0033341288007795,0.5725672240350395,0.85,0.85
base_q0.9_s1,LO,4,0.85,1000,50,0.94,0.0065465367070797,0.0462910049886275,-0.0224629984991091,0.3186428821673915,0.2940603319542201,1.152716501260543,0.3180091663525683,,,,,,43.15018445740539,,,11.38797388382256,0.0033342619528993,0.5727329561440274,0.7,0.7
base_q0.9_s1,LO,5,0.85,1000,50,0.924,0.0075916172889065,0.0536808406515883,-0.0100989274880437,0.3066390998388258,0.2804722004635842,1.0994510258172498,0.3066261058395697,,,,,,38.15759016222575,,,11.3816378422454,0.0033340475065633,0.5724159396188334,0.7,0.85
base_q0.9_s1,LO,6,0.85,1000,50,0.953,0.0059607560128643,0.0421489099769483,-0.0157631746854388,0.3025484373449716,0.2839549611528947,1.1131034477193475,0.3022886992949654,,,,,,39.64084459657322,,,11.26392232492566,0.0033324750401079,0.566528591286391,0.85,0.7
base_q0.9_s1,LO,7,0.85,1000,50,0.927,0.0078519463335207,0.0555216449794536,-0.0230134578509756,0.2978160332829949,0.2718362976117748,1.0655982866381573,0.2970741043268849,,,,,,37.278428901572575,,,11.286751673445105,0.0033356081182137,0.567673191790469,0.85,0.85
base_q0.9_s1,PPCI,0,0.7,1000,50,0.958,0.0055988336977901,0.0395897327444314,-0.00775936389595,0.2921769909621911,0.2844121974020306,1.11489581381596,0.2922200864050058,1.0,,,,,46.656629546314974,43.02536556630411,11.820338592290277,11.370885759796948,0.0033709048843011,0.5719151928741485,0.7,0.7
base_q0.9_s1,PPCI,1,0.7,1000,50,0.954,0.0058623670081951,0.0414531946529911,-0.0188217738446697,0.2705422464144751,0.2686084824749366,1.0529452513017517,0.2700217763144571,1.0,,,,,43.55433328596544,38.32370532192692,11.382667884060528,11.36372777696699,0.0033703848086297,0.5715567736569792,0.7,0.85
base_q0.9_s1,PPCI,2,0.7,1000,50,0.965,0.0073192505471139,0.0517549169506765,-0.0071568338752146,0.2764202580412875,0.2686889484413242,1.053260677889991,0.2764658607435124,1.0,,,,,44.16164697250053,38.406675047204565,10.766631461287812,11.365334635414182,0.0033729925956577,0.5716397243663668,0.85,0.7
base_q0.9_s1,PPCI,3,0.7,1000,50,0.944,0.0069458547320818,0.0491146098219173,0.030567576022945,0.2601679991582849,0.2547143792786883,0.9984803667724582,0.2584953208725833,1.0,,,,,39.13508388481624,34.44330674574195,8.698053043941275,11.3846619046852,0.0033835975928232,0.5726166928270832,0.85,0.85
base_q0.9_s1,PPCI,4,0.85,1000,50,0.954,0.0063631592718057,0.0449943307086389,-0.0113786364287883,0.2800076492358761,0.2731304216291134,1.0706712527861244,0.2799163507675997,1.0,,,,,42.87513487517473,39.56622753822565,10.271523787178834,11.38797388382256,0.0033832355840131,0.5727819297751412,0.7,0.7
base_q0.9_s1,PPCI,5,0.85,1000,50,0.948,0.006540298938434,0.0462468973035389,0.0091440863456867,0.2627526190329023,0.2558650076467261,1.0029908299751664,0.2627248538726295,1.0,,,,,37.82596469035095,35.01861156298427,8.482205661074655,11.3816378422454,0.0033832932766526,0.5724651853889227,0.7,0.85
base_q0.9_s1,PPCI,6,0.85,1000,50,0.962,0.0056351665495188,0.0398466448028038,-0.0036715282614672,0.2597552734167505,0.2585948109086863,1.0136916587620504,0.2598592865318322,1.0,,,,,39.50013648945727,35.765481354185134,7.976843375449939,11.26392232492566,0.0033825342757627,0.5665786505220458,0.85,0.7
base_q0.9_s1,PPCI,7,0.85,1000,50,0.949,0.0073526338471187,0.0519909725287938,-0.0020731534976665,0.2641141175099769,0.2507158329091798,0.9828060650039848,0.2642381329285054,1.0,,,,,37.19618372617492,33.903433254173805,7.861562031638109,11.286751673445105,0.0033865341516211,0.5677241178238764,0.85,0.85
base_q0.9_s1,PPCI++,0,0.7,1000,50,0.943,0.0071442855714571,0.0505177277431054,-0.0093912872524642,0.3042380911748177,0.2864925990591481,1.1230509883118605,0.3042452711719097,0.6657989182513814,0.2106,0.1578582332045615,0.4561616366635005,0.8381997340948356,46.40860698369652,42.82304326987879,12.165744612310045,11.370885759796948,0.0015749965505674,0.5701192845404148,0.7,0.7
base_q0.9_s1,PPCI++,1,0.7,1000,50,0.947,0.0057870368858654,0.0409205302497214,-0.0171673257528505,0.2807736671046131,0.2691198662702588,1.0549498757794145,0.2803885746935604,0.7106652230333106,0.2118,0.1459186658513683,0.5065909346206873,0.8595076984704297,43.37513637148438,38.409923425648806,11.547434477659124,11.36372777696699,0.001570425581187,0.5697568144295365,0.7,0.85
base_q0.9_s1,PPCI++,2,0.7,1000,50,0.952,0.0086849623734689,0.061411957886299,-0.0088970477764557,0.2768229328279157,0.2679333406305983,1.0502986952719453,0.2768183647943171,0.7468827241786693,0.238,0.1441933170487717,0.5411879283247623,0.8884529502930487,43.995640341004616,38.76213077219856,10.801674086164798,11.365334635414182,0.0015763624636456,0.5698430942343548,0.85,0.7
base_q0.9_s1,PPCI++,3,0.7,1000,50,0.937,0.0068228308207197,0.048244699402195,0.027323129176657,0.2662205117310039,0.256158002399186,1.004139369404809,0.2649471730039708,0.7309622442526706,0.234,0.1511641007419255,0.5133019892651788,0.8783924773908097,39.08619254727078,34.845687626568505,8.864624320215,11.3846619046852,0.0015808413950726,0.5708139366293326,0.85,0.85
base_q0.9_s1,PPCI++,4,0.85,1000,50,0.943,0.0074244494058207,0.0524987852143227,-0.0100134802840684,0.2857552480206366,0.2714671281237367,1.064151142245048,0.2857226442082416,0.6472734769732919,0.2144,0.1645646035233588,0.434340137646694,0.8324741586191017,42.70257106434331,39.26987346057221,10.342994655472031,11.38797388382256,0.0015816725855693,0.5709803667766973,0.7,0.7
base_q0.9_s1,PPCI++,5,0.85,1000,50,0.924,0.0082363058887997,0.05823947745897,0.0064447312958854,0.2709900087537812,0.2559809004155814,1.0034451296290792,0.271048921415856,0.6425284162355747,0.2124,0.169687419866558,0.4199554641619737,0.8296141965182552,37.74914123380103,35.047157879162434,8.701222759193787,11.3816378422454,0.0015786164989694,0.5706605086112395,0.7,0.85
base_q0.9_s1,PPCI++,6,0.85,1000,50,0.956,0.0056496342666529,0.0399489470117416,-0.0028501652765541,0.2613941712392362,0.2578029613810687,1.0105876086137888,0.2615094195095765,0.6844212994945917,0.2546,0.1723121950663019,0.4421230146050148,0.8587884848523148,39.33357847855988,36.14189597523957,8.00127147979248,11.26392232492566,0.0016231336332857,0.5648192498795689,0.85,0.7
base_q0.9_s1,PPCI++,7,0.85,1000,50,0.936,0.0076983963344614,0.0544358825235932,-0.004244814608851,0.2698168595654355,0.2514164027706848,0.9855522988610848,0.269918460335562,0.6594718425454766,0.2444,0.1747403401866302,0.4100801572862164,0.8340641696702384,37.0589077258124,34.16220956876689,7.991418642923278,11.286751673445105,0.0016120619745925,0.5659496456468478,0.85,0.85
base_q0.9_s1,PPI,0,0.7,1000,50,0.0,0.0,0.0,1.371307652927006,1.3720742156683132,0.0458629672431776,0.1797828315932565,0.045881144330195,,,,,,,,,0.0,8.346033189445734e-05,8.346033189445734e-05,0.7,0.7
base_q0.9_s1,PPI,1,0.7,1000,50,0.0,0.0,0.0,1.314732798343956,1.3155086738792752,0.0458545346115916,0.1797497756774394,0.0451971547010705,,,,,,,,,0.0,8.289228100329637e-05,8.289228100329637e-05,0.7,0.85
base_q0.9_s1,PPI,2,0.7,1000,50,0.0,0.0,0.0,1.0566542607511396,1.057638067844079,0.0458053144545325,0.1795568326617676,0.0456304495632801,,,,,,,,,0.0,8.338668849319219e-05,8.338668849319219e-05,0.85,0.7
base_q0.9_s1,PPI,3,0.7,1000,50,0.0,0.0,0.0,0.9987315878065844,0.9998086528848544,0.0457154617090847,0.1792046098996122,0.0464188820780872,,,,,,,,,0.0,8.569395542144775e-05,8.569395542144775e-05,0.85,0.85
base_q0.9_s1,PPI,4,0.85,1000,50,0.0,0.0,0.0,1.4498742723049762,1.4505892888894605,0.0456810526523802,0.1790697263973305,0.0455626547125007,,,,,,,,,0.0,8.484793175011873e-05,8.484793175011873e-05,0.7,0.7
base_q0.9_s1,PPI,5,0.85,1000,50,0.0,0.0,0.0,1.3937466120321338,1.394472890368469,0.0457223250817604,0.179231514320501,0.0450227772578932,,,,,,,,,0.0,8.497904427349568e-05,8.497904427349568e-05,0.7,0.85
base_q0.9_s1,PPI,6,0.85,1000,50,0.0,0.0,0.0,1.072243591291277,1.073220582817225,0.0458264137905209,0.1796395420588422,0.0458060969287266,,,,,,,,,0.0,8.676663413643838e-05,8.676663413643838e-05,0.85,0.7
base_q0.9_s1,PPI,7,0.85,1000,50,0.0,0.0,0.0,1.0165834551092707,1.017586369597976,0.0458132486555278,0.179587934729669,0.045190049017633,,,,,,,,,0.0,8.610423374921084e-05,8.610423374921084e-05,0.85,0.85
base_q0_s1,LO,0,0.7,1000,50,0.944,0.0066455447712074,0.0469910977239957,-0.0278906862368892,0.3594734426326374,0.3267845762818177,1.2809955390247256,0.3585691529075142,,,,,,47.01628503412778,,,11.370885759796948,0.0033219098737463,0.5718661978635937,0.7,0.7
base_q0_s1,LO,1,0.7,1000,50,0.948,0.006540298938434,0.0462468973035389,-0.0369876758527116,0.3305616289231448,0.3096589779526018,1.2138631935741993,0.328650138086997,,,,,,44.023522750712246,,,11.36372777696699,0.0033221312323585,0.571508520080708,0.7,0.85
base_q0_s1,LO,2,0.7,1000,50,0.951,0.0080165644837703,0.0566856710829328,-0.0310256437772891,0.3308945118053243,0.3080208973726221,1.2074419177006792,0.3296016149773608,,,,,,44.69333741334584,,,11.365334635414182,0.0033227620469406,0.5715894938176497,0.85,0.7
base_q0_s1,LO,3,0.7,1000,50,0.929,0.007705020891521,0.0544827252157853,0.0078178851841453,0.3115884419314845,0.2902536373668463,1.1377942584780378,0.3116462115568154,,,,,,39.57600105340045,,,11.3846619046852,0.003334761088714,0.5725678563229739,0.85,0.85
base_q0_s1,LO,4,0.85,1000,50,0.94,0.0065465367070797,0.0462910049886275,-0.0224629984991091,0.3186428821673915,0.2940603319542201,1.152716501260543,0.3180091663525683,,,,,,43.15018445740539,,,11.38797388382256,0.0033338930364698,0.5727325872275978,0.7,0.7
base_q0_s1,LO,5,0.85,1000,50,0.924,0.0075916172889065,0.0536808406515883,-0.0100989274880437,0.3066390998388258,0.2804722004635842,1.0994510258172498,0.3066261058395697,,,,,,38.15759016222575,,,11.3816378422454,0.0033350023785606,0.5724168944908306,0.7,0.85
base_q0_s1,LO,6,0.85,1000,50,0.953,0.0059607560128643,0.0421489099769483,-0.0157631746854388,0.3025484373449716,0.2839549611528947,1.1131034477193475,0.3022886992949654,,,,,,39.64084459657322,,,11.26392232492566,0.0033322048904374,0.5665283211367205,0.85,0.7
base_q0_s1,LO,7,0.85,1000,50,0.927,0.0078519463335207,0.0555216449794536,-0.0230134578509756,0.2978160332829949,0.2718362976117748,1.0655982866381573,0.2970741043268849,,,,,,37.278428901572575,,,11.286751673445105,0.0033360814396291,0.5676736651118844,0.85,0.85
base_q0_s1,PPCI,0,0.7,1000,50,0.925,0.0088352263406092,0.0624744845876282,0.0045833732924769,0.6009639993012461,0.5823965250590963,2.282994378231657,0.6012472198395389,1.0,,,,,58.40145387821176,174.87505995366746,152.95511981104008,11.370885759796948,0.0033632469307631,0.5719075349206105,0.7,0.7
base_q0_s1,PPCI,1,0.7,1000,50,0.927,0.0081076934992358,0.0573300505309174,-0.0053160585488277,0.5382919113463787,0.5353174863373957,2.098444546442592,0.5385349954123008,1.0,,,,,51.45939431603009,148.04538288469368,121.84142316268787,11.36372777696699,0.0033630097834393,0.5715493986317888,0.7,0.85
base_q0_s1,PPCI,2,0.7,1000,50,0.932,0.0072506157373997,0.0512695955569324,-0.0118499905693903,0.4993082044325062,0.497946188129285,1.9519490574667973,0.499417338921602,1.0,,,,,51.10287853370062,128.34475636764952,94.82717193589156,11.365334635414182,0.0033645399753004,0.5716312717460095,0.85,0.7
base_q0_s1,PPCI,3,0.7,1000,50,0.912,0.0088709569692914,0.0627271382860004,0.0447284796646187,0.468629224552301,0.4622341581379654,1.8119578999008248,0.4667231982183207,1.0,,,,,43.645998091181625,110.99808776268269,75.17132011588338,11.3846619046852,0.0033770161122083,0.5726101113464683,0.85,0.85
base_q0_s1,PPCI,4,0.85,1000,50,0.935,0.008949974347244,0.0632858755238191,-0.0176093402376743,0.4952103382997389,0.4864290798207134,1.9068019928971964,0.4951447855466012,1.0,,,,,49.97069427182144,121.23229593394446,99.69308497502692,11.38797388382256,0.0033768645813688,0.5727755587724969,0.7,0.7
base_q0_s1,PPCI,5,0.85,1000,50,0.926,0.0093938755558706,0.0664247310717866,0.0148340257161706,0.46593328705916,0.452274640938579,1.7729165924792296,0.4659301133661002,1.0,,,,,43.18369165248726,105.67481759219592,83.75314816031559,11.3816378422454,0.0033766724327579,0.572458564545028,0.7,0.85
base_q0_s1,PPCI,6,0.85,1000,50,0.932,0.008893932809299,0.0628896020087289,-0.0024191576931764,0.4381563956856195,0.4262647108561984,1.670957666556298,0.4383689565860784,1.0,,,,,43.38858439350383,94.23886178367864,61.5024553690859,11.26392232492566,0.0033750874083489,0.566571203654632,0.85,0.7
base_q0_s1,PPCI,7,0.85,1000,50,0.932,0.0081766217264309,0.0578174466995658,-0.0225763178987962,0.431438790068594,0.4055744166807727,1.5898517133886287,0.431063284218206,1.0,,,,,40.93495569520524,86.17936199465777,55.00859783940835,11.286751673445105,0.0033778209043666,0.567715404576622,0.85,0.85
base_q0_s1,PPCI++,0,0.7,1000,50,0.934,0.0074833147735478,0.0529150262212918,-0.0096936232462666,0.3402483516868033,0.3152909679378429,1.235940594316344,0.3402804215043898,0.0783688785939511,0.2136,0.0491988728794872,0.0410306878325269,0.1611793016821172,46.77989174345072,46.37764016849081,148.24295697506645,11.370885759796948,0.0015373961189761,0.5700816841088235,0.7,0.7
base_q0_s1,PPCI++,1,0.7,1000,50,0.938,0.0069340920568637,0.0490314351478014,-0.0238862822986476,0.3197946380139849,0.3030330839715681,1.1878896891685466,0.3190608968148891,0.0825393217180616,0.2104,0.0518950148696047,0.041526462486718,0.1679159671870401,43.78636061864083,43.24989458952597,119.42315855775614,11.36372777696699,0.0015377603778615,0.5697241492262111,0.7,0.85
base_q0_s1,PPCI++,2,0.7,1000,50,0.943,0.0095842132101254,0.0677706215321738,-0.0192635936323281,0.3133671896848174,0.3012929302157191,1.181068286445619,0.3129310393148873,0.0782084506637565,0.242,0.0575380092076422,0.0380364169865826,0.17659998744036,44.463439412723865,43.412663366036384,93.50010431595588,11.365334635414182,0.0015274036666378,0.5697941354373469,0.85,0.7
base_q0_s1,PPCI++,3,0.7,1000,50,0.926,0.0073178562713518,0.0517450579322138,0.0194768412824779,0.3038601235908551,0.2873558205075251,1.1264348163894984,0.3033869987875885,0.0649527381500493,0.2496,0.0553063797497321,0.0345091450836494,0.1677999625917019,39.41961202460238,39.35705614293481,75.88619012988813,11.3846619046852,0.0015112605644389,0.5707443557986989,0.85,0.85
base_q0_s1,PPCI++,4,0.85,1000,50,0.928,0.007021831844254,0.0496518491342364,-0.010179961716775,0.303697452788721,0.2857514216707734,1.1201455729494318,0.3036786656018894,0.0994729324474738,0.1922,0.0524705770651115,0.0545932043666106,0.18188135623502,42.93297774585644,42.59109305173066,95.68333094873805,11.38797388382256,0.0015556174963712,0.5709543116874992,0.7,0.7
base_q0_s1,PPCI++,5,0.85,1000,50,0.925,0.0086011389848516,0.0608192370211657,0.0031495824814807,0.2893654732927943,0.2746712997210596,1.0767114949065535,0.2894931148191315,0.095369652543418,0.197,0.0528954047420314,0.0510760320474591,0.1804033486201227,37.94841722552118,37.62391717666468,81.75684249793854,11.3816378422454,0.0015539935631677,0.5706358856754378,0.7,0.85
base_q0_s1,PPCI++,6,0.85,1000,50,0.957,0.0058918830363717,0.0416619044897648,-0.0061584703416703,0.2814974902321637,0.2803786954577272,1.0990844861942908,0.2815709367859197,0.0822453958808183,0.2414,0.0610327120372836,0.0425381043271027,0.1898754654032875,39.52183524317118,39.62202438819646,60.26840018833429,11.26392232492566,0.0015659085679799,0.564762024814263,0.85,0.7
base_q0_s1,PPCI++,7,0.85,1000,50,0.922,0.008101398216433,0.057285536159324,-0.0144420728330949,0.2886699877881467,0.2689256317306817,1.0541884763842722,0.288452757614254,0.0823654405943122,0.2308,0.0583866203481421,0.0413136935530205,0.1828715914143359,37.21133577553533,36.56871585679653,53.51013978134655,11.286751673445105,0.0015670434366911,0.5659046271089464,0.85,0.85
base_q0_s1,PPI,0,0.7,1000,50,0.0,0.0,0.0,1.3705642210158038,1.3723772924473032,0.072541117881812,0.2843611820967029,0.0705558432970461,,,,,,,,,0.0,8.293406199663877e-05,8.293406199663877e-05,0.7,0.7
base_q0_s1,PPI,1,0.7,1000,50,0.0,0.0,0.0,1.3127853654569348,1.3146325086965742,0.0724432739415685,0.2839776338509485,0.0696998941117547,,,,,,,,,0.0,8.305694721639156e-05,8.305694721639156e-05,0.7,0.85
base_q0_s1,PPI,2,0.7,1000,50,0.0,0.0,0.0,1.0584096936538412,1.0608635763413643,0.0723551510188384,0.2836321919938465,0.072150215807113,,,,,,,,,0.0,8.348705060780048e-05,8.348705060780048e-05,0.85,0.7
base_q0_s1,PPI,3,0.7,1000,50,0.0,0.0,0.0,0.9989849900931312,1.001736784277047,0.0722320883866736,0.2831497864757607,0.0742366865368717,,,,,,,,,0.0,8.507251460105181e-05,8.507251460105181e-05,0.85,0.85
base_q0_s1,PPI,4,0.85,1000,50,0.0,0.0,0.0,1.4525297833054869,1.4543981622776072,0.0722617847007268,0.2832661960268491,0.0737338438352671,,,,,,,,,0.0,8.468530233949423e-05,8.468530233949423e-05,0.7,0.7
base_q0_s1,PPI,5,0.85,1000,50,0.0,0.0,0.0,1.3921490289574654,1.3940204836391064,0.0722188278866566,0.2830978053156942,0.0722454800494964,,,,,,,,,0.0,8.468845672905445e-05,8.468845672905445e-05,0.7,0.85
base_q0_s1,PPI,6,0.85,1000,50,0.0,0.0,0.0,1.0707231120917269,1.0731250555795555,0.0723300332492738,0.2835337303371532,0.0717952414992341,,,,,,,,,0.0,8.635272551327943e-05,8.635272551327943e-05,0.85,0.7
base_q0_s1,PPI,7,0.85,1000,50,0.0,0.0,0.0,1.0151380466109892,1.0178094497481678,0.0723634100556116,0.2836645674179977,0.073730987909232,,,,,,,,,0.0,8.588460460305215e-05,8.588460460305215e-05,0.85,0.85
