dataset,x0_index,reference,kernel,bandwidth,bandwidth_over_h0,ess,theta0,theta0_baseline,shift,abs_shift,ppci_width,abs_shift_over_ppci_width
blogfeedback,0,matern52_0.8h0,matern52,13.642173341830869,0.8,12613.053556419005,0.4920606960705791,0.5148905614993182,-0.022829865428739105,0.022829865428739105,0.14110570954336416,0.16179264115264666
blogfeedback,0,matern52_h0,matern52,17.052716677288586,1.0,13192.455300328682,0.5148905614993182,0.5148905614993182,0.0,0.0,0.14110570954336416,0.0
blogfeedback,0,matern52_1.2h0,matern52,20.463260012746304,1.2,13560.190692231788,0.5327970766497635,0.5148905614993182,0.01790651515044528,0.01790651515044528,0.14110570954336416,0.12690142169578408
blogfeedback,0,gaussian_ess_matched,gaussian,17.1813408791197,1.0075427396270775,13192.455300328682,0.5137763520305936,0.5148905614993182,-0.0011142094687246473,0.0011142094687246473,0.14110570954336416,0.007896274873145597
blogfeedback,7,matern52_0.8h0,matern52,9.696896866744808,0.8000000000000002,10756.855062932802,0.4661778108294078,0.48730386167157713,-0.02112605084216934,0.02112605084216934,0.14652722056183287,0.14417833601951374
blogfeedback,7,matern52_h0,matern52,12.121121083431008,1.0,11831.02561302876,0.48730386167157713,0.48730386167157713,0.0,0.0,0.14652722056183287,0.0
blogfeedback,7,matern52_1.2h0,matern52,14.545345300117209,1.2,12531.600254180754,0.5050637364597396,0.48730386167157713,0.017759874788162433,0.017759874788162433,0.14652722056183287,0.12120529359708944
blogfeedback,7,gaussian_ess_matched,gaussian,11.917960018133874,0.9832390862281835,11831.02561302876,0.4838773145446893,0.48730386167157713,-0.0034265471268878356,0.0034265471268878356,0.14652722056183287,0.0233850551027266
blogfeedback,14,matern52_0.8h0,matern52,9.628047270878788,0.8000000000000002,10718.513512238218,0.468140013758773,0.4884906334899638,-0.02035061973119079,0.02035061973119079,0.14672064185467443,0.13870318091538822
blogfeedback,14,matern52_h0,matern52,12.035059088598484,1.0,11798.172643068023,0.4884906334899638,0.4884906334899638,0.0,0.0,0.14672064185467443,0.0
blogfeedback,14,matern52_1.2h0,matern52,14.442070906318179,1.2,12504.9766908971,0.5057918261339202,0.4884906334899638,0.017301192643956353,0.017301192643956353,0.14672064185467443,0.11791928133120519
blogfeedback,14,gaussian_ess_matched,gaussian,11.825454317384256,0.9825838186857929,11798.172643068023,0.4849155220231663,0.4884906334899638,-0.0035751114667975092,0.0035751114667975092,0.14672064185467443,0.02436679271304325
blogfeedback,21,matern52_0.8h0,matern52,16.096265257966056,0.8,13428.709816362343,0.551405158058703,0.5652206529216839,-0.013815494862980837,0.013815494862980837,0.14959219563486797,0.09235438255550697
blogfeedback,21,matern52_h0,matern52,20.12033157245757,1.0,13774.255990066358,0.5652206529216839,0.5652206529216839,0.0,0.0,0.14959219563486797,0.0
blogfeedback,21,matern52_1.2h0,matern52,24.144397886949083,1.2,13988.597460071418,0.5761162098374163,0.5652206529216839,0.010895556915732407,0.010895556915732407,0.14959219563486797,0.07283506248097876
blogfeedback,21,gaussian_ess_matched,gaussian,20.37594551212037,1.012704260799196,13774.255990066358,0.5643555542408866,0.5652206529216839,-0.000865098680797316,0.000865098680797316,0.14959219563486797,0.0057830468837351085
blogfeedback,28,matern52_0.8h0,matern52,9.834772527005585,0.8,10879.469280103915,0.47417491314856014,0.49335906724558903,-0.019184154097028894,0.019184154097028894,0.14808337232203894,0.12954968404763806
blogfeedback,28,matern52_h0,matern52,12.29346565875698,1.0,11915.304650790038,0.49335906724558903,0.49335906724558903,0.0,0.0,0.14808337232203894,0.0
blogfeedback,28,matern52_1.2h0,matern52,14.752158790508377,1.2,12593.401803036219,0.5099387837351904,0.49335906724558903,0.01657971648960138,0.01657971648960138,0.14808337232203894,0.11196204023193937
blogfeedback,28,gaussian_ess_matched,gaussian,12.119703243732031,0.9858654654555306,11915.304650790038,0.4896184921903172,0.49335906724558903,-0.003740575055271811,0.003740575055271811,0.14808337232203894,0.025259926193044353
blogfeedback,35,matern52_0.8h0,matern52,13.092564503591753,0.8,12718.143870530708,0.49260521108466304,0.5151712281519913,-0.022566017067328303,0.022566017067328303,0.14156947337811882,0.15939889108054095
blogfeedback,35,matern52_h0,matern52,16.36570562948969,1.0,13241.222237666434,0.5151712281519913,0.5151712281519913,0.0,0.0,0.14156947337811882,0.0
blogfeedback,35,matern52_1.2h0,matern52,19.638846755387625,1.2,13580.895976360756,0.5328305570195165,0.5151712281519913,0.017659328867525192,0.017659328867525192,0.14156947337811882,0.124739666300508
blogfeedback,35,gaussian_ess_matched,gaussian,16.631299740440117,1.0162286990224147,13241.222237666438,0.5147794986072678,0.5151712281519913,-0.00039172954472355137,0.00039172954472355137,0.14156947337811882,0.0027670481169148552
blogfeedback,42,matern52_0.8h0,matern52,9.416293859376049,0.8,10524.846747524743,0.4477685768856159,0.47201287935981223,-0.024244302474196344,0.024244302474196344,0.14162059335479488,0.17119192837625194
blogfeedback,42,matern52_h0,matern52,11.77036732422006,1.0,11640.45710701969,0.47201287935981223,0.47201287935981223,0.0,0.0,0.14162059335479488,0.0
blogfeedback,42,matern52_1.2h0,matern52,14.124440789064073,1.2,12379.58489964063,0.49192690351051377,0.47201287935981223,0.019914024150701537,0.019914024150701537,0.14162059335479488,0.14061531362753116
blogfeedback,42,gaussian_ess_matched,gaussian,11.510891533333165,0.9779551662459193,11640.45710701969,0.46916631982601736,0.47201287935981223,-0.002846559533794868,0.002846559533794868,0.14162059335479488,0.020099898371866914
blogfeedback,49,matern52_0.8h0,matern52,9.659895237891817,0.8,10618.568826081868,0.4411342910648395,0.46763251423405383,-0.026498223169214352,0.026498223169214352,0.13972630319856438,0.18964377187849774
blogfeedback,49,matern52_h0,matern52,12.074869047364771,1.0,11724.630969764747,0.46763251423405383,0.46763251423405383,0.0,0.0,0.13972630319856438,0.0
blogfeedback,49,matern52_1.2h0,matern52,14.489842856837726,1.2,12450.828265741577,0.48893055504672356,0.46763251423405383,0.021298040812669727,0.021298040812669727,0.13972630319856438,0.1524268539646625
blogfeedback,49,gaussian_ess_matched,gaussian,11.811635404312092,0.97819987595558,11724.630969764747,0.4651200832536966,0.46763251423405383,-0.0025124309803572498,0.0025124309803572498,0.13972630319856438,0.017981088190581026
