age,sex,x0_raw,theta0_mode,theta0_source,theta0,theta0_obs,theta0_smooth,ell_oracle,c_min,c_max,ell0_hat,ell_low,ell_high,ell_star,lambda_hat,B,n_label,n_pilot,N_unlab_total,N_t_full,N_use,age_bin_width,PPCI_theta_mean,PPCI_theta_rmse,PPCI_coverage,PPCI_avg_ci_width,PPCI_sigma2_Y_minus_A_mean,PPCI_sigma2_Y_minus_A_std,PPCI_sigma2_A_mean,PPCI_sigma2_A_std,PPCILO_theta_mean,PPCILO_theta_rmse,PPCILO_coverage,PPCILO_avg_ci_width,PPCILO_sigma2_Y_mean,PPCILO_sigma2_Y_std,PPI_theta_mean,PPI_theta_rmse,PPI_coverage,PPI_avg_ci_width,scale_y
70,1,"[70.0, 1.0]",smooth,smooth,6.886993353152681,6.580326130653265,6.886993353152681,1.3541287163666167,0.9,1.1,1.3104471448709194,1.1794024303838275,1.4414918593580115,1.1794024303838275,0.010117948238625782,500,200,200,10000,7000,3000,1,7.07724074025743,0.794958813305907,0.946,2.9648348973317256,28.15177831659712,15.398854228870928,4.62462310708445,0.2814796520084225,7.050737042589303,0.8628680166346322,0.948,3.3314074715708983,35.949122337076076,17.122044658118867,5.265869101165843,1.701188023168079,0.16,1.9794377894430373,10000.0
71,1,"[71.0, 1.0]",smooth,smooth,6.8526848657641874,7.182903373231774,6.8526848657641874,1.397810287862314,0.9,1.1,1.5943773595929518,1.4349396236336567,1.7538150955522471,1.4349396236336567,0.010117948238625782,500,200,200,10000,7000,3000,1,6.84655097532795,0.7061386758448516,0.928,2.789534579842317,31.922655611628027,15.57675414165227,5.223837817005853,0.224531394382184,6.850520041262329,0.788063471587612,0.934,3.1754752344186303,41.63305144733408,17.663936526837137,5.315426496244815,1.6183265608047257,0.222,1.9945746019352937,10000.0
72,1,"[72.0, 1.0]",smooth,smooth,6.819842917392508,6.945172684458399,6.819842917392508,1.4414918593580113,0.9,1.1,1.3322879306187678,1.199059137556891,1.4655167236806448,1.199059137556891,0.010117948238625782,500,200,200,10000,7000,3000,1,7.087863898149388,0.8644831392205279,0.928,2.9483104169801297,26.197217145282483,14.341065775564106,4.446050200326185,0.3202524236424997,7.090072737614584,0.9578670299089829,0.928,3.3396961774759655,33.6102636387469,16.44039641139379,5.273198924577893,1.6380564081325335,0.2,1.9503384039004246,10000.0
73,1,"[73.0, 1.0]",smooth,smooth,6.788370014178104,6.659566903684551,6.788370014178104,1.4851734308537086,0.9,1.1,1.4851734308537086,1.3366560877683378,1.6336907739390796,1.3366560877683378,0.010117948238625782,500,200,200,10000,7000,3000,1,6.956941538049075,0.7621075487556378,0.936,2.8864632335899514,28.325304808798784,14.191594165040872,4.637749201544606,0.22393796907937547,6.942699022388175,0.8527642644108724,0.936,3.2640626042098773,36.29942672413768,15.888687356186267,5.293369967824385,1.5804328560877463,0.244,1.991634175539034,10000.0
74,1,"[74.0, 1.0]",smooth,smooth,6.758177456728085,7.068258645533142,6.758177456728085,1.5288550023494059,0.9,1.1,1.3759695021144651,1.2383725519030186,1.5135664523259118,1.2383725519030186,0.010117948238625782,500,200,200,10000,7000,3000,1,7.038666791558545,0.8151435331916657,0.952,3.001939727292956,26.234785659961695,15.46390371777315,4.2140362106397475,0.2850169615740138,7.049598106863343,0.916757160212387,0.954,3.3870713547937656,33.354774016002814,17.351834289071608,5.278809032850782,1.5638596066771504,0.238,1.9893621122744298,10000.0
75,1,"[75.0, 1.0]",smooth,smooth,6.729184392914373,6.709554150197628,6.729184392914373,1.5725365738451031,0.9,1.1,1.5506957880972545,1.3956262092875291,1.70576536690698,1.3956262092875291,0.010117948238625782,500,200,200,10000,7000,3000,1,6.948098362346231,0.7589048214122711,0.936,2.8559354242749104,27.333795394397434,13.936450342836672,4.502634259144976,0.2187477289407571,6.932717865793738,0.841728270803314,0.936,3.249783877367496,35.39545732230882,15.729908859110767,5.31936514463308,1.4964962996412885,0.256,1.9884644691944018,10000.0
76,1,"[76.0, 1.0]",smooth,smooth,6.701316969709776,6.826416732438831,6.701316969709776,1.6162181453408004,0.9,1.1,1.6598997168364977,1.493909745152848,1.8258896885201477,1.493909745152848,0.010117948238625782,500,200,200,10000,7000,3000,1,6.833016463047097,0.7713736314631592,0.922,2.8196698571416174,28.67027089724636,15.874325924873776,4.594528387023428,0.20779413259785648,6.821069132659523,0.8589226890881051,0.926,3.1856541926611364,36.84526615209446,18.039660572266236,5.289709557496916,1.5083098770895769,0.284,1.9885250636510055,10000.0
77,1,"[77.0, 1.0]",smooth,smooth,6.674507573728135,7.231306406685237,6.674507573728135,1.6598997168364977,0.9,1.1,1.703581288332195,1.5332231594989756,1.8739394171654147,1.5332231594989756,0.010117948238625782,500,200,200,10000,7000,3000,1,6.756383837429958,0.6969327065862587,0.938,2.730385835045707,26.55712310786687,13.018986719266355,4.539658072673227,0.1991702234170516,6.748011949926368,0.7839121412250533,0.942,3.118953972201437,34.566244222330646,14.840960971864375,5.2644333361587226,1.4949890549097766,0.25,1.9522657891533344,10000.0
78,1,"[78.0, 1.0]",smooth,smooth,6.648694160441112,6.0484971644612475,6.648694160441112,1.7035812883321952,0.9,1.1,1.6162181453408007,1.4545963308067207,1.7778399598748809,1.4545963308067207,0.00921034984663358,500,200,200,10000,7000,3000,1,6.862214562402818,0.7614645975490616,0.944,2.833023738132357,25.17764953549022,13.176147864170318,4.167465703607771,0.2103474191967477,6.857149226933338,0.8505508939857717,0.944,3.189741940247859,32.24239520014658,14.59146430310924,5.281046265239237,1.4568258342442848,0.292,1.9679079828722308,10000.0
79,1,"[79.0, 1.0]",smooth,smooth,6.623819661164262,5.987001051524711,6.623819661164262,1.7472628598278925,0.9,1.1,1.7472628598278925,1.5725365738451034,1.921989145810682,1.5725365738451034,0.00921034984663358,500,200,200,10000,7000,3000,1,6.78097696990439,0.7206541883402642,0.952,2.8240142888010538,27.476480043788964,14.739671265247136,4.357925535138949,0.1975943941754213,6.78117695648735,0.8357623077877985,0.952,3.201810044808045,35.39961459680207,16.526500214827006,5.28538450686637,1.4279162626855253,0.27,1.9971523515564549,10000.0
80,1,"[80.0, 1.0]",smooth,smooth,6.5998314609002025,5.6380906002265,6.5998314609002025,1.7909444313235898,0.9,1.1,1.7691036455757412,1.5921932810181672,1.9460140101333154,1.5921932810181672,0.00921034984663358,500,200,200,10000,7000,3000,1,6.785169247325235,0.7498573440038109,0.936,2.781091480632418,25.993254352911894,13.840549050069228,4.262677951444434,0.18941568037769188,6.7964181233474195,0.8184759200024806,0.942,3.144411112558243,33.43198373781786,15.282883490673191,5.29906727930146,1.4006403440151525,0.326,1.9851384530240708,10000.0
81,1,"[81.0, 1.0]",smooth,smooth,6.576680952449951,5.903658064516129,6.576680952449951,1.8346260028192871,0.9,1.1,1.8127852170714385,1.6315066953642947,1.9940637387785825,1.6315066953642947,0.00921034984663358,500,200,200,10000,7000,3000,1,6.739882742733234,0.726216795362326,0.934,2.7457958830924465,25.209076263823675,13.104289197912758,4.206823870459848,0.18493348752065897,6.759348125579422,0.7973997117708934,0.944,3.1268455712608874,32.780966978385784,14.772603969373124,5.286925951492464,1.3911300377638565,0.346,1.9701707019051744,10000.0
82,1,"[82.0, 1.0]",smooth,smooth,6.554323155487663,5.740029112081514,6.554323155487663,1.8783075743149844,0.9,1.1,1.9219891458106817,1.7297902312296136,2.1141880603917502,1.7297902312296136,0.00921034984663358,500,200,200,10000,7000,3000,1,6.678170258403361,0.7180977046993906,0.946,2.7031751598786866,25.92827650764535,13.766717541003318,4.324710163210028,0.17081014580924203,6.661404132014902,0.8151908043896157,0.944,3.0886975988422813,33.84216815991755,15.433911047976663,5.28444713732239,1.3729237940913959,0.312,1.9653070252690856,10000.0
83,1,"[83.0, 1.0]",smooth,smooth,6.532716385825612,5.549115131578947,6.532716385825612,1.9219891458106817,0.9,1.1,1.9875115030542276,1.788760352748805,2.1862626533596505,1.788760352748805,0.00921034984663358,500,200,200,10000,7000,3000,1,6.6306769386060225,0.744960038617951,0.912,2.6953659657220386,26.436630466942436,14.707761601278124,4.345383260507298,0.17570462839091605,6.6151053699743025,0.8355794013744181,0.928,3.0805289028305025,34.43494362598784,16.52335034497831,5.28411773626163,1.3599191243712658,0.342,1.9789634568921042,10000.0
84,1,"[84.0, 1.0]",smooth,smooth,6.511821961855992,5.61238475177305,6.511821961855992,1.965670717306379,0.9,1.1,2.031193074549925,1.8280737670949325,2.2343123820049176,1.8280737670949325,0.00921034984663358,500,200,200,10000,7000,3000,1,6.601813912177236,0.6707833886655727,0.932,2.6688498665636686,25.662608077717124,13.657192840326717,4.281741919837832,0.16632327370067326,6.586258809131106,0.78282396318476,0.936,3.042223259083957,33.65871884285978,15.583501558369717,5.275845184364746,1.3332435323322553,0.33,1.974837951899345,10000.0
85,1,"[85.0, 1.0]",smooth,smooth,6.491603941585138,5.384316479400748,6.491603941585138,2.0093522888020763,0.9,1.1,1.8564667885671358,1.6708201097104223,2.0421134674238495,1.6708201097104223,0.00921034984663358,500,200,200,10000,7000,3000,1,6.765180119126779,0.8103306451880057,0.922,2.7652089457485856,22.632375467578182,12.611367259738294,3.725502133713705,0.18225312895995766,6.76022665086602,0.8997752673084798,0.926,3.140573846034469,29.227744762950937,14.076582982909404,5.297939818966055,1.3102954166460508,0.382,1.960700699729214,10000.0
86,1,"[86.0, 1.0]",smooth,smooth,6.472028886351447,5.634662131519274,6.472028886351447,2.0530338602977736,0.9,1.1,2.0093522888020763,1.8084170599218687,2.2102875176822843,1.8084170599218687,0.00921034984663358,500,200,200,10000,7000,3000,1,6.627215681216376,0.7226932564801083,0.934,2.6831112159043196,23.328745511415484,12.14016170692431,3.932703558241718,0.16585432775579442,6.604719760268579,0.7930877367459759,0.942,3.0613682843280996,30.372884861560358,13.454647833481213,5.27255000835922,1.3052351821165293,0.34,1.9585764910612993,10000.0
87,1,"[87.0, 1.0]",smooth,smooth,6.453065647674776,6.001992974238875,6.453065647674776,2.096715431793471,0.9,1.1,2.096715431793471,1.8870438886141239,2.3063869749728183,1.8870438886141239,0.00921034984663358,500,200,200,10000,7000,3000,1,6.596070255328508,0.7394357751969561,0.916,2.6491039117314945,23.758061546870376,12.721755666632886,4.008278221224968,0.15195462044309557,6.601604053907699,0.8517401158283361,0.91,3.0217752212928395,30.999663847333235,14.260105702266438,5.282465874709015,1.285582874653346,0.38,1.946887800780116,10000.0
88,1,"[88.0, 1.0]",smooth,smooth,6.434685174491138,5.2165587467362915,6.434685174491138,2.140397003289168,0.9,1.1,2.096715431793471,1.8870438886141239,2.3063869749728183,1.8870438886141239,0.00921034984663358,500,200,200,10000,7000,3000,1,6.638540290960302,0.7290513398881768,0.954,2.7076168949819572,23.689582628582773,12.407209204386646,3.8614232905742765,0.15994234778896335,6.625218546478804,0.8201833720154863,0.94,3.0858895889550344,30.75232320483559,13.998269668582827,5.306209891909144,1.2455329685663086,0.394,1.990698745127969,10000.0
89,1,"[89.0, 1.0]",smooth,smooth,6.416860337458492,4.605033444816053,6.416860337458492,2.1840785747848654,0.9,1.1,2.358804860767655,2.1229243746908897,2.594685346844421,2.1229243746908897,0.00921034984663358,500,200,200,10000,7000,3000,1,6.509035785800716,0.6873535856149764,0.95,2.582361936490528,25.729135986464463,13.756407065480145,4.367370435106281,0.17305200414304314,6.508099261193844,0.7972806229093943,0.936,2.9702246142137483,34.07971839612184,15.4083603887684,5.3308018531104295,1.2015833605650066,0.414,1.9907095441629954,10000.0
90,1,"[90.0, 1.0]",smooth,smooth,6.399565768644429,4.980862831858406,6.399565768644429,2.2277601462805627,0.9,1.1,2.3806456465155037,2.1425810818639532,2.618710211167054,2.1425810818639532,0.00921034984663358,500,200,200,10000,7000,3000,1,6.413900782794112,0.6559652115193604,0.918,2.5367406600115596,24.21568064506026,12.311643984863414,4.299339256231182,0.16326830597508954,6.4216991290587115,0.7881522041187103,0.918,2.9300807028534335,32.293345579879556,14.354103176711277,5.263958793091388,1.2455639046698965,0.41,1.9545612862352886,10000.0
91,1,"[91.0, 1.0]",smooth,smooth,6.3827777168034565,nan,6.3827777168034565,2.27144171777626,0.9,1.1,2.2932825035241087,2.0639542531716977,2.5226107538765197,2.0639542531716977,0.00921034984663358,500,200,200,10000,7000,3000,1,6.523362812904355,0.6672909780929172,0.954,2.6170769639764506,23.189509721737974,11.963105489310527,3.9258249066989683,0.15388626823008852,6.5071789512924605,0.775734218341138,0.95,2.9989016676138474,30.585384568904775,13.454026338488305,5.3010642731824165,1.1887797487275826,0.416,1.986213069197138,10000.0
92,1,"[92.0, 1.0]",smooth,smooth,6.366473916996395,nan,6.366473916996395,2.3151232892719573,0.9,1.1,2.336964075019806,2.1032676675178252,2.5706604825217867,2.1032676675178252,0.00921034984663358,500,200,200,10000,7000,3000,1,6.506916021242616,0.6647309703270681,0.954,2.6073694312495155,22.936664538232915,11.806035657700312,3.8933187933191347,0.15194685430411928,6.490687326468784,0.7734106053182271,0.95,2.9897162817721923,30.29176169506154,13.28814616092947,5.3010642731824165,1.1739638094959124,0.422,1.986213069197138,10000.0
93,1,"[93.0, 1.0]",smooth,smooth,6.350633471838758,nan,6.350633471838758,2.3588048607676546,0.9,1.1,2.3806456465155033,2.142581081863953,2.6187102111670537,2.142581081863953,0.00921034984663358,500,200,200,10000,7000,3000,1,6.490886956517175,0.6622213715607813,0.954,2.597898032700896,22.690906677896987,11.652647967315941,3.8621777178784487,0.1502150101218975,6.474614353993109,0.7711422690384947,0.95,2.980785202810239,30.006741484309867,13.12646986761974,5.3010642731824165,1.1596071833351327,0.428,1.986213069197138,10000.0
94,1,"[94.0, 1.0]",smooth,smooth,6.335236742370897,5.029924915445322,6.335236742370897,2.402486432263352,0.9,1.1,2.5335311467504438,2.2801780320753995,2.7868842614254885,2.2801780320753995,0.00921034984663358,500,200,200,10000,7000,3000,1,6.3910839442379945,0.6343619781966263,0.94,2.5138254111829146,22.79690414162867,11.365062673208477,4.082038639656468,0.15869590299035144,6.382941387622889,0.7440868498443367,0.934,2.9122717351348912,30.633832321372925,12.948094666820747,5.267433518709613,1.176655722900705,0.422,1.9474842623719897,10000.0
95,1,"[95.0, 1.0]",smooth,smooth,6.320265248160409,nan,6.320265248160409,2.446168003759049,0.9,1.1,2.468008789506898,2.221207910556208,2.7148096684575878,2.221207910556208,0.00921034984663358,500,200,200,10000,7000,3000,1,6.460006892985951,0.6573475375746799,0.954,2.579635232271872,22.22027937847262,11.357203777044878,3.8038174088672574,0.14729625995927217,6.443649574496299,0.7667632164946444,0.95,2.9636468363034165,29.461919488401712,12.815842079315567,5.3010642731824165,1.132194304998226,0.454,1.986213069197138,10000.0
96,1,"[96.0, 1.0]",smooth,smooth,6.305701577498613,nan,6.305701577498613,2.4898495752547465,0.9,1.1,2.511690361002595,2.2605213249023355,2.7628593971028548,2.2605213249023355,0.00921034984663358,500,200,200,10000,7000,3000,1,6.445121173392748,0.6549804457256662,0.954,2.570830120658832,21.995163771053562,11.215214126312997,3.7765068767403034,0.14607272924922687,6.428723161138736,0.7646486081397451,0.95,2.9554211232641108,29.20176240162905,12.666881353951126,5.3010642731824165,1.1191020642005984,0.462,1.986213069197138,10000.0
97,1,"[97.0, 1.0]",smooth,smooth,6.291529308079702,nan,6.291529308079702,2.5335311467504438,0.9,1.1,2.5553719324982924,2.299834739248463,2.810909125748122,2.299834739248463,0.00921034984663358,500,200,200,10000,7000,3000,1,6.430583589297613,0.6526580562023477,0.958,2.562233715291611,21.77665310985552,11.077049100975657,3.7503802841725373,0.14498383148599053,6.4141460427851,0.7625814883903632,0.95,2.9474128151137666,28.949508561728077,12.522114232668043,5.3010642731824165,1.1063969912415736,0.472,1.986213069197138,10000.0
98,1,"[98.0, 1.0]",smooth,smooth,6.277732934543818,nan,6.277732934543818,2.577212718246141,0.9,1.1,2.5990535039939897,2.3391481535945906,2.858958854393389,2.3391481535945906,0.00921034984663358,500,200,200,10000,7000,3000,1,6.416379291767779,0.6503790300567848,0.958,2.553839636082246,21.564585857354984,10.942685383703598,3.725390434149993,0.1440141219419231,6.399903391649853,0.7605601157406734,0.95,2.939613727673372,28.704943244071863,12.381487745726178,5.3010642731824165,1.0940635223604693,0.482,1.986213069197138,10000.0
99,1,"[99.0, 1.0]",smooth,smooth,6.264297801445153,nan,6.264297801445153,2.6208942897418384,0.9,1.1,2.642735075489687,2.378461567940718,2.907008583038656,2.378461567940718,0.00921034984663358,500,200,200,10000,7000,3000,1,6.402494320406237,0.648142068902878,0.958,2.54564168725404,21.358791487398197,10.812083174535793,3.7014904059866685,0.14314940533564413,6.385981257752117,0.7585828274349584,0.95,2.9320160498551977,28.467843940171047,12.244935281377964,5.3010642731824165,1.0820869405199407,0.49,1.986213069197138,10000.0
100,1,"[100.0, 1.0]",smooth,smooth,6.251210041572009,nan,6.251210041572009,2.6645758612375356,0.9,1.1,2.6864166469853843,2.4177749822868457,2.955058311683923,2.4177749822868457,0.00921034984663358,500,200,200,10000,7000,3000,1,6.388915543700173,0.6459459169814438,0.958,2.5376338552299393,21.159093240891874,10.685189090975163,3.678633911859949,0.14237673339216655,6.3723665109988925,0.7566480376316556,0.948,2.924612324747215,28.237983341982062,12.11237921661486,5.3010642731824165,1.0704533142846424,0.498,1.986213069197138,10000.0
70,2,"[70.0, 2.0]",smooth,smooth,4.200841915640373,3.9294243219597553,4.200841915640373,1.1860992256053164,0.8,1.2,1.397902658749123,1.1183221269992984,1.6774831904989476,1.1183221269992984,0.010117948238625782,500,200,200,10000,7000,3000,1,4.243329274766867,0.4968689298985094,0.906,1.824644109478872,11.716672956323757,7.991198897906522,2.3174471737993607,0.14478211469793317,4.246751370565319,0.5533789597897213,0.908,2.053403030747847,14.68804907978653,8.60748816878986,3.3396206116232667,0.9294930481026147,0.324,1.2913796090230876,10000.0
71,2,"[71.0, 2.0]",smooth,smooth,4.180170525487306,4.034404478323011,4.180170525487306,1.2284599122340778,0.8,1.2,1.3767223154347423,1.101377852347794,1.6520667785216907,1.101377852347794,0.010117948238625782,500,200,200,10000,7000,3000,1,4.282766327217681,0.530895776112537,0.922,1.8899264189877598,11.799257246974127,7.835097361163832,2.227287223368654,0.15221170329186393,4.283822459430241,0.5908093320436448,0.914,2.113882057583895,14.720882096008806,8.55562680260197,3.358887474393153,0.9013629280166788,0.338,1.3224759373543182,10000.0
72,2,"[72.0, 2.0]",smooth,smooth,4.160599118732095,3.921609744990892,4.160599118732095,1.2708205988628392,0.8,1.2,1.3767223154347425,1.1013778523477942,1.652066778521691,1.1013778523477942,0.010117948238625782,500,200,200,10000,7000,3000,1,4.227158045230701,0.4876010354774889,0.922,1.8217568735881466,10.306542699703314,6.574070642997842,2.117074473856398,0.14812010247126128,4.222180315449324,0.532452807960559,0.93,2.034116265008849,12.996134322090416,7.116542221493465,3.335222359815065,0.8960054257888465,0.338,1.2892262593733153,10000.0
73,2,"[73.0, 2.0]",smooth,smooth,4.14203991040899,3.9119018441403925,4.14203991040899,1.3131812854916003,0.8,1.2,1.4826240320066457,1.1860992256053167,1.7791488384079748,1.1860992256053167,0.010117948238625782,500,200,200,10000,7000,3000,1,4.187995892341972,0.5080452238877756,0.918,1.7909651890627623,10.941300269447922,7.981383740550333,2.17736989800685,0.1321337262530592,4.19641153156186,0.5644188680464978,0.91,2.0199150755480773,13.727919407436037,8.486523838386331,3.3254443291508182,0.8910481484962482,0.348,1.2813031509774233,10000.0
74,2,"[74.0, 2.0]",smooth,smooth,4.124413335208498,3.910886670581327,4.124413335208498,1.3555419721203616,0.8,1.2,1.397902658749123,1.1183221269992984,1.6774831904989476,1.1183221269992984,0.010117948238625782,500,200,200,10000,7000,3000,1,4.235617614946885,0.5179546133628045,0.946,1.8638645768212956,10.299873308751213,7.640604047276744,1.9934449473144265,0.16362356003545864,4.2560139784557816,0.5776357228509189,0.936,2.092848627372263,12.839268236288873,8.021903102095143,3.349863536503071,0.8472240195824196,0.378,1.307725219765453,10000.0
75,2,"[75.0, 2.0]",smooth,smooth,4.107647254415031,3.766169981000633,4.107647254415031,1.397902658749123,0.8,1.2,1.4402633453778844,1.1522106763023074,1.7283160144534613,1.1522106763023074,0.010117948238625782,500,200,200,10000,7000,3000,1,4.208798165362749,0.4971651511487212,0.922,1.8288631824334156,9.873557782723168,6.683777419489486,1.9646135210313114,0.14415888432827623,4.227065025215586,0.5563361777431854,0.922,2.057390598070875,12.360978813946216,7.192747366290921,3.3405332411886213,0.8396497061838559,0.38,1.2947320621053335,10000.0
76,2,"[76.0, 2.0]",smooth,smooth,4.09167622576521,3.774681944444444,4.09167622576521,1.4402633453778844,0.8,1.2,1.4826240320066457,1.1860992256053167,1.7791488384079748,1.1860992256053167,0.010117948238625782,500,200,200,10000,7000,3000,1,4.236726017667223,0.519690603374286,0.936,1.8863207361241923,10.558842672314627,7.349394811522174,1.947666168871537,0.14813216626290618,4.225527394581783,0.5689374082397625,0.938,2.0936096440354084,12.965539803276666,7.727253714265159,3.3664889427763507,0.8080402848781942,0.434,1.3272302184034883,10000.0
77,2,"[77.0, 2.0]",smooth,smooth,4.076440837918264,3.6643475177304965,4.076440837918264,1.4826240320066457,0.8,1.2,1.3979026587491232,1.1183221269992987,1.6774831904989478,1.1183221269992987,0.010117948238625782,500,200,200,10000,7000,3000,1,4.192238021763955,0.49904736422841045,0.926,1.838060634282906,8.53332602143885,5.5300547035376955,1.7430943662618663,0.1474267708063148,4.211114237877859,0.5538289302484387,0.936,2.0612880105470657,10.643025902751758,6.013122471939711,3.3301161800299237,0.81879296606735,0.404,1.272644457105586,10000.0
78,2,"[78.0, 2.0]",smooth,smooth,4.0618871114840305,3.673908491343776,4.0618871114840305,1.5249847186354069,0.8,1.2,1.5461650619497875,1.2369320495598302,1.855398074339745,1.2369320495598302,0.010117948238625782,500,200,200,10000,7000,3000,1,4.179156970095782,0.4684399928807688,0.958,1.8564728358730496,9.809727837653694,6.281048685840366,1.8565780658874507,0.12847552314130445,4.1716620241651725,0.5119418889963123,0.952,2.0684444337832413,12.095668429974546,6.719552766489463,3.3319423602797045,0.8001681520051988,0.412,1.30441047993853,10000.0
79,2,"[79.0, 2.0]",smooth,smooth,4.047965960444721,3.6528319783197833,4.047965960444721,1.5673454052641682,0.8,1.2,1.7367881517792134,1.3894305214233709,2.084145782135056,1.3894305214233709,0.010117948238625782,500,200,200,10000,7000,3000,1,4.131407315537588,0.45908812936838067,0.926,1.7669687290365796,10.369738858734163,7.002838423334622,2.0119350066914796,0.1209964561482663,4.129345007040594,0.5181306598532056,0.934,1.98137942108175,12.911840680314365,7.358215150521306,3.348224978049211,0.7746510561992133,0.426,1.295302988001681,10000.0
80,2,"[80.0, 2.0]",smooth,smooth,4.034632708558937,3.1195650623885918,4.034632708558937,1.6097060918929296,0.8,1.2,1.6097060918929296,1.2877648735143437,1.9316473102715155,1.2877648735143437,0.00921034984663358,500,200,200,10000,7000,3000,1,4.157643626581547,0.5278065068755176,0.918,1.8204875242289114,9.421433608178603,7.250048296552856,1.7902114365031223,0.1510610000669784,4.140512026302718,0.5476151376086241,0.938,2.020611925562503,11.55346370523797,7.534001647535145,3.3400008399792998,0.7785499865334702,0.418,1.2918519695517878,10000.0
81,2,"[81.0, 2.0]",smooth,smooth,4.021846654744076,3.1515466666666665,4.021846654744076,1.652066778521691,0.8,1.2,1.7367881517792136,1.389430521423371,2.084145782135056,1.389430521423371,0.00921034984663358,500,200,200,10000,7000,3000,1,4.16227054336037,0.49077493422445584,0.956,1.8387789344340644,10.383654329077615,7.242635235828505,1.8717196574725616,0.12113308227869994,4.159710185954735,0.544603745695271,0.948,2.053962434732225,12.77507900311892,7.56569180828452,3.3733474413358744,0.7297334021199894,0.468,1.3310985434299778,10000.0
82,2,"[82.0, 2.0]",smooth,smooth,4.0095706855799635,2.926660962566845,4.0095706855799635,1.694427465150452,0.8,1.2,1.694427465150452,1.3555419721203616,2.0333129581805425,1.3555419721203616,0.00921034984663358,500,200,200,10000,7000,3000,1,4.112744113429958,0.48003847080720624,0.948,1.7848179086668834,8.850424985520949,6.041310891151134,1.7241766427634166,0.1237399835215754,4.099127361641378,0.5252390641196353,0.934,1.9866504779327665,10.925720461117358,6.404036285268626,3.3229225882096034,0.7672021965881825,0.426,1.274439771725293,10000.0
83,2,"[83.0, 2.0]",smooth,smooth,3.9977709352061996,2.9519653937947496,3.9977709352061996,1.7367881517792134,0.8,1.2,1.6732471218360716,1.3385976974688574,2.007896546203286,1.3385976974688574,0.00921034984663358,500,200,200,10000,7000,3000,1,4.129631624888013,0.4999928767994772,0.926,1.7853733918116854,8.222118276211553,5.617830928747536,1.6309636605677311,0.13107743436436933,4.126989539126748,0.5458722490598227,0.946,1.9997730663603954,10.283898791486903,5.991040468587569,3.3486828536213817,0.7325980263462214,0.448,1.2970214752606803,10000.0
84,2,"[84.0, 2.0]",smooth,smooth,3.9864164836011415,3.02210296010296,3.9864164836011415,1.7791488384079748,0.8,1.2,1.9062308982942588,1.524984718635407,2.2874770779531106,1.524984718635407,0.00921034984663358,500,200,200,10000,7000,3000,1,4.064000950299972,0.46135930745985915,0.924,1.717566223708191,9.175377604089006,5.8351152945413025,1.829835875115968,0.10066737114576135,4.060730114501659,0.5079698447852351,0.94,1.9277036939608188,11.547728536691043,6.386393159751214,3.3360071579156747,0.7362193118707638,0.484,1.290122345250418,10000.0
85,2,"[85.0, 2.0]",smooth,smooth,3.9754790861617724,3.158168956043956,3.9754790861617724,1.8215095250367361,0.8,1.2,1.9485915849230202,1.5588732679384163,2.3383099019076243,1.5588732679384163,0.00921034984663358,500,200,200,10000,7000,3000,1,4.061246033908292,0.4724053989430728,0.918,1.6902716057310545,8.785407255413917,5.433746439280677,1.8077237948979148,0.11025222456181555,4.057002439333687,0.5227034401038141,0.912,1.9078215203806028,11.122512402025583,5.900440712559369,3.341391397073521,0.7263685067309944,0.486,1.277855791675559,10000.0
86,2,"[86.0, 2.0]",smooth,smooth,3.964932928160249,3.224653208137715,3.964932928160249,1.8638702116654973,0.8,1.2,1.9274112416086393,1.5419289932869116,2.3128934899303673,1.5419289932869116,0.00921034984663358,500,200,200,10000,7000,3000,1,4.1223279793744645,0.4941666776206672,0.944,1.7997962956642215,9.429533172500316,6.654371822958467,1.7124470578077158,0.1147526687749054,4.1270790249640745,0.5463637270478048,0.94,2.0082829536108817,11.70511939278644,7.094904158876586,3.38201349392328,0.6775429870993497,0.544,1.3313848766109695,10000.0
87,2,"[87.0, 2.0]",smooth,smooth,3.9547543994303602,3.0696733576642337,3.9547543994303602,1.9062308982942586,0.8,1.2,1.7791488384079748,1.4233190707263799,2.1349786060895695,1.4233190707263799,0.00921034984663358,500,200,200,10000,7000,3000,1,4.114190230114739,0.523834334724275,0.928,1.8120129441315997,7.932565397362104,6.096096462337723,1.4679554326993638,0.12823786004234125,4.091348578372486,0.571483911887203,0.934,2.0074469454019015,9.678247816117763,6.310120691567773,3.345989438219739,0.7040146231402801,0.504,1.306634372024184,10000.0
88,2,"[88.0, 2.0]",smooth,smooth,3.9449218867425633,2.9778728222996516,3.9449218867425633,1.94859158492302,0.8,1.2,1.9062308982942588,1.524984718635407,2.2874770779531106,1.524984718635407,0.00921034984663358,500,200,200,10000,7000,3000,1,4.074326880730944,0.4948683621642007,0.93,1.7664976050257937,8.075105412363687,5.493417873506494,1.535015259416341,0.1070322071146872,4.065577672789842,0.5425400924653607,0.93,1.9676096840920692,9.932561982192485,5.749685991253749,3.341803189861874,0.7015213817540213,0.502,1.301449736307783,10000.0
89,2,"[89.0, 2.0]",smooth,smooth,3.9354155829951467,3.4327471264367815,3.9354155829951467,1.9909522715517813,0.8,1.2,1.8638702116654975,1.491096169332398,2.236644253998597,1.491096169332398,0.00921034984663358,500,200,200,10000,7000,3000,1,4.092404567166466,0.4835775662031771,0.94,1.8007605649095075,7.624359308276482,5.251222778594233,1.4224551516272008,0.10347967411283161,4.077632111588768,0.5377135822334076,0.948,2.0030102494207105,9.353322655258594,5.500019186201057,3.340383083161863,0.6852727105460106,0.528,1.301184316264777,10000.0
90,2,"[90.0, 2.0]",smooth,smooth,3.926217313455635,3.2289860139860136,3.926217313455635,2.033312958180543,0.8,1.2,2.202755704695588,1.7622045637564705,2.6433068456347053,1.7622045637564705,0.00921034984663358,500,200,200,10000,7000,3000,1,4.0206016853138165,0.45840805626514375,0.92,1.70504353820398,9.038196989397042,5.6543089380011935,1.7344616869110931,0.08150120754059177,4.034273120083872,0.5090692689508545,0.936,1.9138378598870467,11.335165897043568,6.16781609880091,3.3503586622934556,0.6715019416336501,0.522,1.30715705756937,10000.0
91,2,"[91.0, 2.0]",smooth,smooth,3.9173103783265626,nan,3.9173103783265626,2.0756736448093043,0.8,1.2,2.139214674752446,1.7113717398019568,2.567057609702935,1.7113717398019568,0.00921034984663358,500,200,200,10000,7000,3000,1,4.016329781347848,0.450262546006602,0.952,1.6955841181007367,8.102306301035705,5.157983923970816,1.5937865361706443,0.08805791284094126,4.010823886910454,0.4926103876924463,0.948,1.904169616314238,10.204661598010107,5.561275957592572,3.3428414414853767,0.6669123752791243,0.51,1.2942113166253688,10000.0
92,2,"[92.0, 2.0]",smooth,smooth,3.908679409521226,nan,3.908679409521226,2.1180343314380656,0.8,1.2,2.1815753613812072,1.7452602891049658,2.6178904336574487,1.7452602891049658,0.00921034984663358,500,200,200,10000,7000,3000,1,4.008571694361219,0.4489426859859638,0.952,1.6896443620170374,7.994337358334416,5.077101769279286,1.5735561390215569,0.08499561846279863,4.0030780825314425,0.4913072924418805,0.948,1.8984360590925555,10.07891301335971,5.477429947696819,3.3428414414853767,0.6594923524772216,0.516,1.2942113166253688,10000.0
93,2,"[93.0, 2.0]",smooth,smooth,3.9003102404859185,nan,3.9003102404859185,2.1603950180668265,0.8,1.2,2.2239360480099686,1.779148838407975,2.6687232576119624,1.779148838407975,0.00921034984663358,500,200,200,10000,7000,3000,1,4.001030676127879,0.4476502425435858,0.952,1.6838524935590742,7.88960595701275,4.998672392523813,1.5541113211503612,0.08207379992425094,3.995548930904641,0.49003779301787626,0.948,1.892879183931529,9.957192195239553,5.396321452280024,3.3428414414853767,0.6523258532084311,0.518,1.2942113166253688,10000.0
94,2,"[94.0, 2.0]",smooth,smooth,3.892189787735293,3.057470707070707,3.892189787735293,2.202755704695588,0.8,1.2,2.118034331438065,1.6944274651504523,2.5416411977256783,1.6944274651504523,0.00921034984663358,500,200,200,10000,7000,3000,1,4.102015607293636,0.5205309847210489,0.954,1.7883899224559987,7.5291517421070955,5.203187273616367,1.3627893934103872,0.08437065179496567,4.101454033602022,0.5656627278809859,0.954,1.9975398866557363,9.333681345568136,5.5038891703827675,3.3829522931678246,0.6180707859791772,0.59,1.3355395625461237,10000.0
95,2,"[95.0, 2.0]",smooth,smooth,3.884305943860986,nan,3.884305943860986,2.2451163913243493,0.8,1.2,2.3086574212674913,1.8469259370139932,2.7703889055209894,1.8469259370139932,0.00921034984663358,500,200,200,10000,7000,3000,1,3.986549328155975,0.44514327925184216,0.956,1.6726927489356032,7.6897389292885014,4.849091852691378,1.5175068449902915,0.07665043647019375,3.981090434857237,0.487593781575439,0.95,1.8822635036162383,9.725583647640496,5.242128664669798,3.3428414414853767,0.6387028763344247,0.536,1.2942113166253688,10000.0
96,2,"[96.0, 2.0]",smooth,smooth,3.8766474837813942,nan,3.8766474837813942,2.2874770779531106,0.8,1.2,2.3510181078962527,1.8808144863170022,2.821221729475503,1.8808144863170022,0.00921034984663358,500,200,200,10000,7000,3000,1,3.9795862210792476,0.44392672376490383,0.956,1.667315648370629,7.594508953887538,4.777875828615706,1.5003056995807194,0.07414583635928132,3.97413847128309,0.4864165414219195,0.95,1.8771899646710755,9.615535270001514,5.16893081210053,3.3428414414853767,0.6322234159668073,0.544,1.2942113166253688,10000.0
97,2,"[97.0, 2.0]",smooth,smooth,3.869203985162174,nan,3.869203985162174,2.329837764581872,0.8,1.2,2.393378794525014,1.9147030356200112,2.872054553430017,1.9147030356200112,0.00921034984663358,500,200,200,10000,7000,3000,1,3.9727944451322377,0.4427334946879426,0.954,1.66206792072116,7.502333216497846,4.708985981312379,1.483808263547653,0.07177590660282532,3.9673577405818405,0.4852674209169283,0.95,1.8722635366912728,9.50919936265954,5.09824637627198,3.3428414414853767,0.6259513433893318,0.544,1.2942113166253688,10000.0
98,2,"[98.0, 2.0]",smooth,smooth,3.8619657565991563,nan,3.8619657565991563,2.3721984512106333,0.8,1.2,2.4357394811537754,1.9485915849230204,2.9228873773845305,1.9485915849230204,0.00921034984663358,500,200,200,10000,7000,3000,1,3.9661647114411562,0.44156266620548396,0.954,1.656945429906979,7.413139964127166,4.642371716383712,1.467990417368081,0.06953729639294631,3.9607390107008005,0.48414519032449294,0.95,1.8674778933886638,9.406472640228278,5.030005561482659,3.3428414414853767,0.6198770938237287,0.556,1.2942113166253688,10000.0
99,2,"[99.0, 2.0]",smooth,smooth,3.854923771298,nan,3.854923771298,2.4145591378393947,0.8,1.2,2.4781001677825367,1.9824801342260294,2.973720201339044,1.9824801342260294,0.00921034984663358,500,200,200,10000,7000,3000,1,3.959688447122003,0.44041334319563447,0.954,1.6519441947621567,7.326851182892406,4.5779774135270115,1.4528274127989316,0.06742614885105996,3.954273757700267,0.4830486667596239,0.95,1.8628270621980054,9.307246524946676,4.964135423822326,3.3428414414853767,0.6139917502795338,0.562,1.2942113166253688,10000.0
100,2,"[100.0, 2.0]",smooth,smooth,3.84806960650035,nan,3.84806960650035,2.456919824468156,0.8,1.2,2.520460854411298,2.0163686835290386,3.0245530252935575,2.0163686835290386,0.00921034984663358,500,200,200,10000,7000,3000,1,3.953357731486314,0.43928465973662323,0.954,1.6470603761837466,7.243384235560037,4.51574354300656,1.4382941930053121,0.06543820848586475,3.9479541025661433,0.4819767121893589,0.95,1.8583053964147394,9.211408894655216,4.900560852967777,3.3428414414853767,0.6082869845964142,0.568,1.2942113166253688,10000.0
