age,sex,x0_raw,tau,theta0_mode,theta0_source,theta0,theta0_obs,theta0_smooth,ell_oracle,c_min,c_max,ell0_hat,ell_low,ell_high,ell_star,lambda_hat,B,n_label,n_pilot,N_unlab_total,N_t_full,N_use,age_bin_width,PPCI_theta_mean,PPCI_theta_rmse,PPCI_coverage,PPCI_avg_ci_width,PPCI_sigma2_Y_minus_A_mean,PPCI_sigma2_Y_minus_A_std,PPCI_sigma2_A_mean,PPCI_sigma2_A_std,PPCILO_theta_mean,PPCILO_theta_rmse,PPCILO_coverage,PPCILO_avg_ci_width,PPCILO_sigma2_Y_mean,PPCILO_sigma2_Y_std,PPI_theta_mean,PPI_theta_rmse,PPI_coverage,PPI_avg_ci_width,scale_y
70,1,"[70.0, 1.0]",0.5,smooth,smooth,4.0,3.815,4.0,1.3541287163666167,1.1,1.2,1.3104471448709194,1.4414918593580115,1.5725365738451031,1.4414918593580115,0.010117948238625782,500,200,200,10000,7000,3000,1,4.092341118921096,0.3775190855598996,0.946,1.455920425673611,0.04683364745751975,0.009137193643439989,0.057534758917181766,0.0056778376980241,4.082838761013762,0.43043683377652675,0.964,1.6819284641625127,0.06883507276466329,0.006634083846286941,2.4684842289674633,1.5666668857324868,0.032,1.4559288119881595,10000.0
71,1,"[71.0, 1.0]",0.5,smooth,smooth,4.0,4.305,4.0,1.397810287862314,1.1,1.2,1.5943773595929518,1.7538150955522471,1.913252831511542,1.7538150955522471,0.010117948238625782,500,200,200,10000,7000,3000,1,3.8598628908806503,0.38683704609955505,0.898,1.3373450118622923,0.05042403673938165,0.010902273000988472,0.06646690337083706,0.0062976168026460414,3.8828332628885724,0.45485905678894556,0.894,1.6022405727727582,0.07878505955927678,0.007822436205930839,2.4776801077565125,1.5602144664855009,0.038,1.4425964867627332,10000.0
72,1,"[72.0, 1.0]",0.5,smooth,smooth,3.94,4.1,3.94,1.4414918593580113,1.1,1.2,1.3322879306187678,1.4655167236806448,1.5987455167425213,1.4655167236806448,0.010117948238625782,500,200,200,10000,7000,3000,1,4.112387660256724,0.3992822646844739,0.938,1.4699590147615473,0.04574295916763487,0.00979329164060875,0.05556371197658713,0.00554528709091701,4.108770369892419,0.4899485247383338,0.942,1.716415987381586,0.06620170441718727,0.006233419989112584,2.470960257134376,1.5045107641627278,0.074,1.4726778795749675,10000.0
73,1,"[73.0, 1.0]",0.5,smooth,smooth,3.9,4.06,3.9,1.4851734308537086,1.1,1.2,1.4851734308537086,1.6336907739390796,1.7822081170244501,1.6336907739390796,0.010117948238625782,500,200,200,10000,7000,3000,1,3.991325257729202,0.36135082275887204,0.95,1.3992523593949087,0.04706300917760898,0.008911824152205462,0.05904615066766417,0.005791783266596945,3.974656181410922,0.44972652926213935,0.94,1.6434524675927327,0.07021516936744183,0.006643516966577576,2.480417268693866,1.4610353694812088,0.11,1.4898779161718672,10000.0
74,1,"[74.0, 1.0]",0.5,smooth,smooth,3.85,4.2,3.85,1.5288550023494059,1.1,1.2,1.3759695021144651,1.5135664523259118,1.651163402537358,1.5135664523259118,0.010117948238625782,500,200,200,10000,7000,3000,1,4.069917739252559,0.41387643024965937,0.952,1.4459399910501884,0.043607040893889115,0.009440685216414594,0.053182345634860566,0.005591580941052696,4.09005557158226,0.500980571372325,0.92,1.6751500474507632,0.06336373033621354,0.006271395589798539,2.476170413601588,1.4092858642558337,0.096,1.4445296801846113,10000.0
75,1,"[75.0, 1.0]",0.5,smooth,smooth,3.8,3.8,3.8,1.5725365738451031,1.1,1.2,1.5506957880972545,1.70576536690698,1.8608349457167053,1.70576536690698,0.010117948238625782,500,200,200,10000,7000,3000,1,3.9607270959132483,0.3998466930796908,0.924,1.3610082818965266,0.04481597844612777,0.008620474941551343,0.05808177649359842,0.005715899363944942,3.949524855926082,0.4323466510090367,0.942,1.626937811669,0.06876812153252596,0.006442545736421971,2.5007600513980384,1.3431939692568697,0.13,1.4468326867269206,10000.0
76,1,"[76.0, 1.0]",0.5,smooth,smooth,3.8,3.82,3.8,1.6162181453408004,1.1,1.2,1.6598997168364977,1.8258896885201477,1.9918796602037971,1.8258896885201477,0.010117948238625782,500,200,200,10000,7000,3000,1,3.893194186879736,0.37261095044418974,0.932,1.3534451311187061,0.046828775436835765,0.009731283052756863,0.06039676507747027,0.00627110972162678,3.8941084030157005,0.45252570893050104,0.93,1.5911778069039861,0.0715497938346598,0.006695771383289149,2.5046194352168283,1.3390489187702583,0.128,1.4349019930388713,10000.0
77,1,"[77.0, 1.0]",0.5,smooth,smooth,3.79,3.9,3.79,1.6598997168364977,1.1,1.2,1.703581288332195,1.8739394171654147,2.044297545998634,1.8739394171654147,0.010117948238625782,500,200,200,10000,7000,3000,1,3.863227924260834,0.3588609170405578,0.936,1.3348489131059635,0.0459273736367948,0.009452519207161569,0.06058257534202917,0.0055079239271022635,3.857309892973546,0.44370178284841605,0.93,1.5922697007908173,0.07126224010180479,0.006565965320129077,2.49081855090858,1.3423664325481617,0.138,1.4567749593179768,10000.0
78,1,"[78.0, 1.0]",0.5,smooth,smooth,3.73,3.42,3.73,1.7035812883321952,1.1,1.2,1.6162181453408007,1.7778399598748809,1.9394617744089606,1.7778399598748809,0.00921034984663358,500,200,200,10000,7000,3000,1,3.93576072465587,0.42104744289522805,0.924,1.3767751939958244,0.04427639105681594,0.009225584784420085,0.05562685357935561,0.005289767022927303,3.944960592293986,0.4573690031185993,0.938,1.6218758155383513,0.06645355416528745,0.006241008532451457,2.5160725274879296,1.2602054518357355,0.16,1.4550781213484296,10000.0
79,1,"[79.0, 1.0]",0.5,smooth,smooth,3.7,3.24,3.7,1.7472628598278925,1.1,1.2,1.7472628598278925,1.921989145810682,2.096715431793471,1.921989145810682,0.00921034984663358,500,200,200,10000,7000,3000,1,3.858605244158413,0.37340542117567216,0.946,1.3351364787223052,0.04474720183339811,0.009780657619990024,0.05825624872086736,0.005793852807637525,3.84812006535454,0.44029035802867184,0.944,1.5914613719754913,0.06913122929995726,0.006605373394450244,2.4856569419488634,1.2536438723460528,0.172,1.4643274393429564,10000.0
80,1,"[80.0, 1.0]",0.5,smooth,smooth,3.69,3.56,3.69,1.7909444313235898,1.1,1.2,1.7691036455757412,1.9460140101333154,2.1229243746908892,1.9460140101333154,0.00921034984663358,500,200,200,10000,7000,3000,1,3.8579351514064277,0.38703263028388035,0.93,1.335483765882687,0.044395567968453495,0.009042067700613577,0.057441709951641766,0.005778449294855878,3.883111842042921,0.4535850548081371,0.934,1.5949157888991354,0.06821388187207679,0.0064567717650809405,2.4940100523107844,1.239315705741976,0.19,1.4467694634497799,10000.0
81,1,"[81.0, 1.0]",0.5,smooth,smooth,3.67,3.38,3.67,1.8346260028192871,1.1,1.2,1.8127852170714385,1.9940637387785825,2.175342260485726,1.9940637387785825,0.00921034984663358,500,200,200,10000,7000,3000,1,3.834821098240116,0.4082980462215498,0.916,1.327819534391024,0.04367778720008948,0.00909081636717749,0.05739141285133862,0.005631796077156663,3.864979755947495,0.4697763880471562,0.924,1.6077721943600365,0.06816115243181325,0.006441180780270211,2.496206200348288,1.2222983078773377,0.198,1.4738755704037636,10000.0
82,1,"[82.0, 1.0]",0.5,smooth,smooth,3.64,3.16,3.64,1.8783075743149844,1.1,1.2,1.9219891458106817,2.1141880603917502,2.306386974972818,2.1141880603917502,0.00921034984663358,500,200,200,10000,7000,3000,1,3.7682635056078957,0.37318131807881205,0.918,1.293257410021245,0.044217572202376,0.00891167188507407,0.05949239453223532,0.005846024200568401,3.7567578982757697,0.45104392428624723,0.91,1.5579709347567585,0.0699950945846161,0.006863477526676826,2.5045057008543212,1.1892497265234312,0.206,1.467745583755926,10000.0
83,1,"[83.0, 1.0]",0.5,smooth,smooth,3.6,3.2350000000000003,3.6,1.9219891458106817,1.1,1.2,1.9875115030542276,2.1862626533596505,2.385013803665073,2.1862626533596505,0.00921034984663358,500,200,200,10000,7000,3000,1,3.7485937301169954,0.378533377221299,0.932,1.2966687298496034,0.04424056160729681,0.009635185823764507,0.060022576771773375,0.006137835698226179,3.7329837455135286,0.44295902034687223,0.94,1.5558271340893084,0.0704594156231484,0.006718596511644919,2.4822113263593737,1.1706737687225965,0.206,1.4745150722831677,10000.0
84,1,"[84.0, 1.0]",0.5,smooth,smooth,3.6,2.9,3.6,1.965670717306379,1.1,1.2,2.031193074549925,2.2343123820049176,2.4374316894599097,2.2343123820049176,0.00921034984663358,500,200,200,10000,7000,3000,1,3.7438896340696117,0.36795031540381684,0.942,1.2885265402486734,0.04462798954277645,0.00923436129217643,0.059772648764857064,0.005969821729568848,3.728599019862535,0.44868590042897444,0.94,1.5477918254993437,0.07042605158856714,0.006527909423333804,2.5128917791156375,1.1432362360759944,0.23,1.457423391082035,10000.0
85,1,"[85.0, 1.0]",0.5,smooth,smooth,3.6,2.9850000000000003,3.6,2.0093522888020763,1.1,1.2,1.8564667885671358,2.0421134674238495,2.2277601462805627,2.0421134674238495,0.00921034984663358,500,200,200,10000,7000,3000,1,3.8456311002036654,0.43291100379767017,0.908,1.341927276096014,0.04024945567140234,0.008854520041147104,0.052308139499235816,0.005523743140362418,3.853658244795774,0.5061244969614803,0.906,1.5972011747237163,0.062158964805338585,0.005716262371952161,2.5051734638796024,1.1361313704054996,0.222,1.4559275647225929,10000.0
86,1,"[86.0, 1.0]",0.5,smooth,smooth,3.6,2.93,3.6,2.0530338602977736,1.1,1.2,2.0093522888020763,2.2102875176822843,2.4112227465624914,2.2102875176822843,0.00921034984663358,500,200,200,10000,7000,3000,1,3.7657337018900288,0.3953431068738532,0.91,1.3052346510170354,0.04192556169891364,0.008673115036116702,0.05576701297617349,0.005402500498707547,3.736228324977877,0.43752467691224217,0.938,1.5569231680548374,0.06556334495578225,0.006071357893000119,2.5107649157636707,1.141621398609678,0.212,1.4455705245504569,10000.0
87,1,"[87.0, 1.0]",0.5,smooth,smooth,3.58,3.1,3.58,2.096715431793471,1.1,1.2,2.096715431793471,2.3063869749728183,2.516058518152165,2.3063869749728183,0.00921034984663358,500,200,200,10000,7000,3000,1,3.7342618415173203,0.37727629500782656,0.934,1.2903014884153698,0.042498130219564896,0.008665070912905724,0.05726623673438087,0.005882860105386915,3.73739873747898,0.46072263111484385,0.918,1.5590108055210046,0.06748480103343667,0.006348269454216256,2.5308534914339313,1.1036368368390226,0.302,1.4770887954800629,10000.0
88,1,"[88.0, 1.0]",0.5,smooth,smooth,3.54,3.19,3.54,2.140397003289168,1.1,1.2,2.096715431793471,2.3063869749728183,2.516058518152165,2.3063869749728183,0.00921034984663358,500,200,200,10000,7000,3000,1,3.740730947711348,0.39070947319574295,0.904,1.2937919512318221,0.04089631616960431,0.008441922082581068,0.05505132859407615,0.005392650774796725,3.733998087368654,0.4379097169785556,0.932,1.5577196728521867,0.06482891722539946,0.005975992763487458,2.5133733077473988,1.0775743970602196,0.284,1.4363268129342373,10000.0
89,1,"[89.0, 1.0]",0.5,smooth,smooth,3.5,2.3,3.5,2.1840785747848654,1.1,1.2,2.358804860767655,2.594685346844421,2.830565832921186,2.594685346844421,0.00921034984663358,500,200,200,10000,7000,3000,1,3.612045203310572,0.3275115569460022,0.942,1.2207509951512103,0.043134914644475775,0.009129335987159364,0.061716400412029054,0.00606387102138961,3.622128865845836,0.43331671731101723,0.932,1.5098169244854824,0.07221848554081632,0.006336863534575534,2.4997777100770446,1.0528541292870452,0.306,1.4684782616743564,10000.0
90,1,"[90.0, 1.0]",0.5,smooth,smooth,3.5,3.22,3.5,2.2277601462805627,1.1,1.2,2.3806456465155037,2.618710211167054,2.856774775818604,2.618710211167054,0.00921034984663358,500,200,200,10000,7000,3000,1,3.5829225037724526,0.32538302145165376,0.936,1.1953042599994614,0.04200159452368827,0.008680038114863266,0.061347066681066785,0.0060467389864975315,3.5994601276281784,0.431151529819321,0.93,1.506327605547335,0.07124607140417233,0.006529164921733971,2.52394996086457,1.0298372639098667,0.274,1.4464234663635658,10000.0
91,1,"[91.0, 1.0]",0.5,smooth,smooth,3.5,nan,3.5,2.27144171777626,1.1,1.2,2.2932825035241087,2.5226107538765197,2.7519390042289302,2.5226107538765197,0.00921034984663358,500,200,200,10000,7000,3000,1,3.6451446437334347,0.3524513900961856,0.938,1.2356323013908723,0.04010653052425276,0.008545278807940456,0.05660215905489163,0.005450367294158715,3.6188517497369985,0.42030847322360965,0.936,1.5231602679583824,0.06652988263650775,0.005791532162081481,2.505911825922782,1.0582621456740977,0.286,1.4450114096288398,10000.0
92,1,"[92.0, 1.0]",0.5,smooth,smooth,3.5,nan,3.5,2.3151232892719573,1.1,1.2,2.336964075019806,2.5706604825217867,2.804356890023767,2.5706604825217867,0.00921034984663358,500,200,200,10000,7000,3000,1,3.6321555235637812,0.3461574517636179,0.942,1.2297906522962838,0.039755994060275926,0.008462004245892048,0.056409664868661696,0.005425811057229592,3.605803100347578,0.4158960473375683,0.934,1.5189088953842569,0.06624267348569593,0.005750911245558413,2.505911825922782,1.0582621456740977,0.286,1.4450114096288398,10000.0
93,1,"[93.0, 1.0]",0.5,smooth,smooth,3.5,nan,3.5,2.3588048607676546,1.1,1.2,2.3806456465155033,2.6187102111670537,2.8567747758186037,2.6187102111670537,0.00921034984663358,500,200,200,10000,7000,3000,1,3.619513044656516,0.34040301047566773,0.946,1.2241103552369144,0.039414239114179024,0.008380836988875472,0.056223004342012405,0.005401936026599721,3.5931023504920296,0.4119663515180621,0.934,1.5148002260861417,0.06596315935201866,0.0057114239759351905,2.505911825922782,1.0582621456740977,0.286,1.4450114096288398,10000.0
94,1,"[94.0, 1.0]",0.5,smooth,smooth,3.5,2.64,3.5,2.402486432263352,1.1,1.2,2.5335311467504438,2.7868842614254885,3.0402373761005324,2.786884261425488,0.00921034984663358,500,200,200,10000,7000,3000,1,3.5576754512679707,0.33094828524595743,0.934,1.2101569050529237,0.040940483560700874,0.008199234983662838,0.05957799925848705,0.005671716722058685,3.540767681756958,0.4145311198093688,0.932,1.5067926525896365,0.06928635027238352,0.0060351833839606146,2.492719281115256,1.059080321048694,0.27,1.4497611745825338,10000.0
95,1,"[95.0, 1.0]",0.5,smooth,smooth,3.5,nan,3.5,2.446168003759049,1.1,1.2,2.468008789506898,2.7148096684575878,2.9616105474082772,2.7148096684575878,0.00921034984663358,500,200,200,10000,7000,3000,1,3.5951979033301162,0.330430998953469,0.946,1.2132080770638831,0.038756769218452565,0.00822478044035942,0.055867068057939645,0.005356284076124738,3.568681471636143,0.4054572895528252,0.936,1.506983154992504,0.06542725851053491,0.005635905789118827,2.505911825922782,1.0582621456740977,0.286,1.4450114096288398,10000.0
96,1,"[96.0, 1.0]",0.5,smooth,smooth,3.5,nan,3.5,2.4898495752547465,1.1,1.2,2.511690361002595,2.7628593971028548,3.014028433203114,2.7628593971028548,0.00921034984663358,500,200,200,10000,7000,3000,1,3.5834986418487578,0.32617884310157014,0.95,1.2079748387719245,0.03844085284486092,0.00814987428608732,0.055697670307147965,0.005334514390924351,3.556931680026734,0.402831419751009,0.938,1.5032620043543634,0.06517078091375746,0.005599886567532512,2.505911825922782,1.0582621456740977,0.286,1.4450114096288398,10000.0
97,1,"[97.0, 1.0]",0.5,smooth,smooth,3.5,nan,3.5,2.5335311467504438,1.1,1.2,2.5553719324982924,2.810909125748122,3.0664463189979507,2.8109091257481222,0.00921034984663358,500,200,200,10000,7000,3000,1,3.572085603476011,0.32239237027377965,0.948,1.2028792253139748,0.038133276556154526,0.008077003697850034,0.05553385570938275,0.005313445959895284,3.5454705780583655,0.4005964404342417,0.94,1.4996576084570898,0.06492183132316626,0.00556500561123781,2.505911825922782,1.0582621456740977,0.286,1.4450114096288398,10000.0
98,1,"[98.0, 1.0]",0.5,smooth,smooth,3.46,nan,3.46,2.577212718246141,1.1,1.2,2.5990535039939897,2.858958854393389,3.1188642047927875,2.858958854393389,0.00921034984663358,500,200,200,10000,7000,3000,1,3.5609457772206996,0.3290445348117293,0.944,1.1979155423619823,0.037833867072084144,0.008006144169662398,0.05537550896891554,0.005293071613682939,3.534288375833828,0.40414118436588725,0.936,1.496165091987105,0.06468028968682649,0.005531273401788587,2.505911825922782,1.020779954270541,0.39,1.4450114096288398,10000.0
99,1,"[99.0, 1.0]",0.5,smooth,smooth,3.44,nan,3.44,2.6208942897418384,1.1,1.2,2.642735075489687,2.907008583038656,3.1712820905876242,2.907008583038656,0.00921034984663358,500,200,200,10000,7000,3000,1,3.5500720991265085,0.3309914305190797,0.942,1.193080373392543,0.037542469567130414,0.007937252928757374,0.055222513981184634,0.005273379224727237,3.5233707398624743,0.40519693059407913,0.934,1.4927787421729033,0.06444600726196338,0.005498656920908621,2.505911825922782,1.0021118640538484,0.4,1.4450114096288398,10000.0
100,1,"[100.0, 1.0]",0.5,smooth,smooth,3.41,nan,3.41,2.6645758612375356,1.1,1.2,2.6864166469853843,2.955058311683923,3.223699976382461,2.955058311683923,0.00921034984663358,500,200,200,10000,7000,3000,1,3.539449147159662,0.3370071022257249,0.942,1.18836767866746,0.037258859087755926,0.007870284283743274,0.0550747222230418,0.005254363717566548,3.5127068366258944,0.4089323535723151,0.932,1.4894937861387763,0.06421882104679986,0.0054671492013558054,2.505911825922782,0.9742088572954191,0.424,1.4450114096288398,10000.0
70,2,"[70.0, 2.0]",0.5,smooth,smooth,2.25,2.0949999999999998,2.25,1.1860992256053164,1.3,1.4,1.397902658749123,1.81727345637386,1.9570637222487721,1.81727345637386,0.010117948238625782,500,200,200,10000,7000,3000,1,2.197528759496888,0.24499014617231532,0.908,0.866931528576107,0.05857908016794627,0.012055893747667284,0.07958514507445247,0.008877323370463978,2.200283877095597,0.29715296231366206,0.902,1.0395968745092063,0.08997575597219802,0.009126742568337629,1.400325334248803,0.8826675149939772,0.212,0.968444485136119,10000.0
71,2,"[71.0, 2.0]",0.5,smooth,smooth,2.22,2.4,2.22,1.2284599122340778,1.3,1.4,1.3767223154347423,1.7897390100651651,1.927411241608639,1.7897390100651651,0.010117948238625782,500,200,200,10000,7000,3000,1,2.2112387499339903,0.24492446448249514,0.912,0.8728523585097646,0.05631209497476586,0.012056909139735793,0.07611405904053702,0.009173382095650795,2.2159946710629885,0.28189883390588116,0.938,1.0470705966229676,0.0868017184610733,0.008892130366220049,1.386240753338529,0.8669870536032444,0.186,0.9613880956867642,10000.0
72,2,"[72.0, 2.0]",0.5,smooth,smooth,2.2,2.16,2.2,1.2708205988628392,1.3,1.4,1.3767223154347425,1.7897390100651653,1.9274112416086395,1.7897390100651653,0.010117948238625782,500,200,200,10000,7000,3000,1,2.2143616166399682,0.24715919795339683,0.916,0.8825202380491737,0.05683756826904731,0.011290627244340396,0.07484659272099731,0.008161409652555568,2.2190790601948964,0.2983934946650599,0.922,1.0343701577389404,0.0852096040294997,0.008483817993272703,1.398302321488917,0.8341628676588824,0.208,0.982714426279631,10000.0
73,2,"[73.0, 2.0]",0.5,smooth,smooth,2.2,2.05,2.2,1.3131812854916003,1.3,1.4,1.4826240320066457,1.9274112416086395,2.075673644809304,1.9274112416086395,0.010117948238625782,500,200,200,10000,7000,3000,1,2.174783624446109,0.24434601808691253,0.908,0.8563018709535651,0.057754908030772725,0.011484904199909256,0.07789784567258069,0.00863352464810754,2.1762224115819726,0.29032358114153184,0.908,1.0249503816399799,0.08798345173849494,0.009057944206359659,1.3941649729450187,0.8389971370505518,0.232,0.9713818292915908,10000.0
74,2,"[74.0, 2.0]",0.5,smooth,smooth,2.19,2.06,2.19,1.3555419721203616,1.3,1.4,1.397902658749123,1.81727345637386,1.9570637222487721,1.81727345637386,0.010117948238625782,500,200,200,10000,7000,3000,1,2.2208074055383893,0.23309806729262805,0.946,0.875655611889828,0.05416881387186846,0.011207932994223475,0.07167165750719254,0.007903047809573644,2.2297993865160604,0.2894916034332975,0.938,1.0402007052315714,0.08170378835298019,0.008371235662665446,1.3992507063710105,0.8250155473849461,0.252,0.9789700001977739,10000.0
75,2,"[75.0, 2.0]",0.5,smooth,smooth,2.16,2.019,2.16,1.397902658749123,1.3,1.4,1.4402633453778844,1.8723423489912496,2.016368683529038,1.8723423489912496,0.010117948238625782,500,200,200,10000,7000,3000,1,2.1918707346425137,0.22897826865677037,0.936,0.8740395448835421,0.054518858845871564,0.01105938819486997,0.07186461205465472,0.008029254396019063,2.213759525802308,0.2815973224893441,0.942,1.038956737646691,0.08198584637885799,0.008559293178410273,1.374140593946387,0.8188002195800945,0.25,0.964265265404624,10000.0
76,2,"[76.0, 2.0]",0.5,smooth,smooth,2.145,2.0869999999999997,2.145,1.4402633453778844,1.3,1.4,1.4826240320066457,1.9274112416086395,2.075673644809304,1.9274112416086395,0.010117948238625782,500,200,200,10000,7000,3000,1,2.200747735112515,0.25163049712197094,0.91,0.872977847416739,0.054319998759276504,0.010800148524702262,0.07130391769284955,0.008362322453242768,2.195092982324013,0.30087249520009474,0.91,1.0218928081946184,0.08135992752374517,0.008570303326100582,1.394902493941376,0.7898025395099973,0.268,0.9672920886156919,10000.0
77,2,"[77.0, 2.0]",0.5,smooth,smooth,2.12,2.158,2.12,1.4826240320066457,1.3,1.4,1.3979026587491232,1.8172734563738602,1.9570637222487723,1.8172734563738602,0.010117948238625782,500,200,200,10000,7000,3000,1,2.211934604773566,0.2644030597911962,0.924,0.8875300913810021,0.05110520637961427,0.01053954371114573,0.06676721684843154,0.0074295125532456265,2.2240545475250784,0.3082924787102476,0.93,1.0508383837366246,0.07638821099868195,0.007578832345878539,1.38069943132271,0.7762607998449204,0.308,0.9806436763627628,10000.0
78,2,"[78.0, 2.0]",0.5,smooth,smooth,2.1,1.94,2.1,1.5249847186354069,1.3,1.4,1.5461650619497875,2.010014580534724,2.1646310867297025,2.010014580534724,0.010117948238625782,500,200,200,10000,7000,3000,1,2.170920491065487,0.2284012064762597,0.94,0.8687483967883146,0.053845476149270356,0.009953489977493417,0.07091735435606056,0.007630995432895273,2.1658724047429385,0.26940309316038225,0.936,1.0161961477555501,0.08065541909631205,0.008124067601442303,1.3692457199281065,0.7604550609517189,0.314,0.9741243700558959,10000.0
79,2,"[79.0, 2.0]",0.5,smooth,smooth,2.1,1.92,2.1,1.5673454052641682,1.3,1.4,1.7367881517792134,2.2578245973129776,2.4315034124908985,2.2578245973129776,0.010117948238625782,500,200,200,10000,7000,3000,1,2.12488520334719,0.23181154422409284,0.93,0.8362510600293313,0.0554401951993173,0.011284369195596347,0.07717532466925091,0.008306986973762746,2.12084486204087,0.27583544312730457,0.92,1.0008984860630106,0.08728409058589776,0.008868978937119902,1.3942989989216008,0.7459132652394097,0.326,0.9814722573623611,10000.0
80,2,"[80.0, 2.0]",0.5,smooth,smooth,2.084,1.775,2.084,1.6097060918929296,1.3,1.4,1.6097060918929296,2.0926179194608086,2.253588528650101,2.0926179194608086,0.00921034984663358,500,200,200,10000,7000,3000,1,2.1530507260747016,0.24494784536431363,0.924,0.8598356190823183,0.05315009218351108,0.010566040840903769,0.07029070523193122,0.008059208266392729,2.1487253263545103,0.27538932158526097,0.942,1.0054750242859172,0.08000809405920888,0.008276016381824484,1.374832647436704,0.7480540566159011,0.308,0.9656996472421242,10000.0
81,2,"[81.0, 2.0]",0.5,smooth,smooth,2.07,1.7,2.07,1.652066778521691,1.3,1.4,1.7367881517792136,2.257824597312978,2.431503412490899,2.257824597312978,0.00921034984663358,500,200,200,10000,7000,3000,1,2.1425926665202972,0.22583296030359723,0.946,0.828886645815056,0.05284979001169678,0.01029566001261172,0.0730265499381189,0.00842851131130846,2.137262333247159,0.2719674859964644,0.942,0.9915555458717908,0.08256657317768684,0.00836399957083913,1.4001510570334867,0.7083500435438165,0.366,0.9753722612286031,10000.0
82,2,"[82.0, 2.0]",0.5,smooth,smooth,2.05,1.59,2.05,1.694427465150452,1.3,1.4,1.694427465150452,2.202755704695588,2.372198451210633,2.202755704695588,0.00921034984663358,500,200,200,10000,7000,3000,1,2.1568294344836816,0.2642070431701747,0.912,0.8537701056613193,0.05284270899021651,0.01096808338147921,0.070826771729225,0.00770021992084551,2.1450424894549065,0.2862412502386854,0.934,1.0007331686395304,0.08034597089705454,0.00817436460712695,1.4153742769446662,0.679359219895899,0.412,0.9824526727904271,10000.0
83,2,"[83.0, 2.0]",0.5,smooth,smooth,2.04,1.52,2.04,1.7367881517792134,1.3,1.4,1.6732471218360716,2.1752212583868933,2.3425459705705003,2.1752212583868933,0.00921034984663358,500,200,200,10000,7000,3000,1,2.172303232073327,0.2813693202808289,0.906,0.861062094383793,0.05056979993970775,0.010131507008013466,0.0674955783133042,0.0074895049449085855,2.173881990927537,0.3230351875867763,0.914,1.0099060648105338,0.07697944126697887,0.008004451433498492,1.3963239741101345,0.6880646850397865,0.382,0.979513422847929,10000.0
84,2,"[84.0, 2.0]",0.5,smooth,smooth,2.01,1.67,2.01,1.7791488384079748,1.3,1.4,1.9062308982942588,2.4781001677825367,2.6687232576119624,2.4781001677825367,0.00921034984663358,500,200,200,10000,7000,3000,1,2.0781728972448636,0.23895949848774392,0.914,0.8128722917835411,0.053917954716923906,0.01065181126417459,0.07515809372371811,0.008473578971660446,2.091684050772944,0.2887800123223237,0.926,0.9902559901131299,0.0853738894280138,0.008823099954800824,1.3910723733481072,0.6607320551796428,0.364,0.9606881179474567,10000.0
85,2,"[85.0, 2.0]",0.5,smooth,smooth,2.0,1.585,2.0,1.8215095250367361,1.3,1.4,1.9485915849230202,2.5331690603999264,2.728028218892228,2.5331690603999264,0.00921034984663358,500,200,200,10000,7000,3000,1,2.0789198054952363,0.2371705454985225,0.928,0.8112018510758785,0.053107948968661146,0.010345456381165023,0.07517728896546476,0.008432441058040897,2.0801341033430254,0.28490842870191574,0.926,0.9899865893598926,0.08511356319141368,0.008540805265250835,1.3880183591354989,0.6545131851389655,0.37,0.9488608707260788,10000.0
86,2,"[86.0, 2.0]",0.5,smooth,smooth,2.0,1.8,2.0,1.8638702116654973,1.3,1.4,1.9274112416086393,2.5056346140912313,2.698375738252095,2.5056346140912313,0.00921034984663358,500,200,200,10000,7000,3000,1,2.1075848560373815,0.2455730225777949,0.916,0.824279096690128,0.05171200638826807,0.010474774737581762,0.07155043238409303,0.008034712688770583,2.117980486684229,0.29917400649473747,0.928,0.9945161594053193,0.08169786038181763,0.008499027470630714,1.3907460604303967,0.6535250071742417,0.434,0.9980223556844572,10000.0
87,2,"[87.0, 2.0]",0.5,smooth,smooth,2.0,1.7349999999999999,2.0,1.9062308982942586,1.3,1.4,1.7791488384079748,2.3128934899303673,2.4908083737711646,2.3128934899303673,0.00921034984663358,500,200,200,10000,7000,3000,1,2.145493197283207,0.2714185605978011,0.898,0.8419190151929413,0.04832273597142493,0.009419489323249914,0.06463908351111078,0.007475640364657365,2.138572853488442,0.3134166821506041,0.898,0.9919356118891742,0.07373461954666923,0.007640422427445321,1.3908419018399187,0.6510145181044997,0.41,0.9819564770512988,10000.0
88,2,"[88.0, 2.0]",0.5,smooth,smooth,2.0,1.705,2.0,1.94859158492302,1.3,1.4,1.9062308982942588,2.4781001677825367,2.6687232576119624,2.4781001677825367,0.00921034984663358,500,200,200,10000,7000,3000,1,2.1069506312629653,0.24464404219164523,0.922,0.8301405949037447,0.049913362621537685,0.010306664966423911,0.06796543617031801,0.0077418353753931505,2.1039231116091877,0.29597422284654024,0.916,0.9921630754244084,0.07739164547075651,0.008221206798857008,1.3873883772862583,0.6523143138920203,0.402,0.968718322926382,10000.0
89,2,"[89.0, 2.0]",0.5,smooth,smooth,2.0,1.68,2.0,1.9909522715517813,1.3,1.4,1.8638702116654975,2.4230312751651466,2.6094182963316963,2.4230312751651466,0.00921034984663358,500,200,200,10000,7000,3000,1,2.1242449468984277,0.2608848856891311,0.92,0.8407538722208867,0.048647527779540976,0.009813001571614422,0.06457571152177616,0.007543557447949942,2.1108346043999493,0.2863701606108709,0.932,0.984900564100842,0.07343117375741497,0.007834795317349045,1.3999984477085066,0.6460800382248068,0.434,0.9875409036679701,10000.0
90,2,"[90.0, 2.0]",0.5,smooth,smooth,2.0,1.6,2.0,2.033312958180543,1.3,1.4,2.202755704695588,2.8635824161042644,3.0838579865738227,2.863582416104265,0.00921034984663358,500,200,200,10000,7000,3000,1,2.0282962228762846,0.2251528510450797,0.924,0.7984758414002476,0.05312414386440828,0.010366724149077106,0.07534525406419985,0.008237596764664661,2.045307834370366,0.270132564908098,0.928,0.9700051328927217,0.08526326835751658,0.00849944193463079,1.3729750571765722,0.668255210696497,0.394,0.9770365072695302,10000.0
91,2,"[91.0, 2.0]",0.5,smooth,smooth,2.0,nan,2.0,2.0756736448093043,1.3,1.4,2.139214674752446,2.7809790771781797,2.994900544653424,2.7809790771781793,0.00921034984663358,500,200,200,10000,7000,3000,1,2.0543152509160474,0.2293685537457256,0.92,0.8003872548626387,0.05072879391334901,0.01051201032412723,0.0716987255512912,0.007932282648726835,2.0505488224203012,0.2724345452408124,0.932,0.96469086203275,0.08117398834961151,0.008528094732978738,1.3867601147673676,0.6564419204936132,0.414,0.9801841100687813,10000.0
92,2,"[92.0, 2.0]",0.5,smooth,smooth,2.0,nan,2.0,2.1180343314380656,1.3,1.4,2.1815753613812072,2.8360479697955694,3.05420550593369,2.8360479697955694,0.00921034984663358,500,200,200,10000,7000,3000,1,2.0478300740684072,0.22722588134542565,0.918,0.7971418779146195,0.05043317142799919,0.010436931252539767,0.07158577427417816,0.007913270167190652,2.044155589377596,0.2708911342213883,0.932,0.962337465515446,0.08099231320519755,0.008500947509489138,1.3867601147673676,0.6564419204936132,0.414,0.9801841100687813,10000.0
93,2,"[93.0, 2.0]",0.5,smooth,smooth,2.0,nan,2.0,2.1603950180668265,1.3,1.4,2.2239360480099686,2.891116862412959,3.1135104672139557,2.891116862412959,0.00921034984663358,500,200,200,10000,7000,3000,1,2.041535001710915,0.22531142528552567,0.916,0.7940005198946181,0.0501436528592412,0.01036342196700918,0.07147560301674989,0.007894698093940167,2.037949095651078,0.2695359944131928,0.932,0.9600771889322164,0.08081396214665107,0.008474410760895251,1.3867601147673676,0.6564419204936132,0.414,0.9801841100687813,10000.0
94,2,"[94.0, 2.0]",0.5,smooth,smooth,2.0,1.69,2.0,2.202755704695588,1.3,1.4,2.118034331438065,2.7534446308694847,2.965248064013291,2.7534446308694847,0.00921034984663358,500,200,200,10000,7000,3000,1,2.095534858603997,0.2527421728208572,0.9,0.8115949744604188,0.04654503366007677,0.009258885602158646,0.06516322507907435,0.0074872577482840725,2.0948070702821977,0.2927130371242553,0.912,0.9828418890376143,0.07376933383245779,0.007545325807973885,1.3935000740832442,0.6538079291517306,0.43,0.9741876593588934,10000.0
95,2,"[95.0, 2.0]",0.5,smooth,smooth,2.0,nan,2.0,2.2451163913243493,1.3,1.4,2.3086574212674913,3.001254647647739,3.2321203897744875,3.001254647647739,0.00921034984663358,500,200,200,10000,7000,3000,1,2.0294715885743346,0.2221119990016489,0.918,0.7880060176093414,0.049583097820259735,0.010221189616631597,0.07126382077006999,0.007858998233890933,2.0260582794563486,0.26734010999991664,0.924,0.9558122680552223,0.0804679968235327,0.008423302786762881,1.3867601147673676,0.6564419204936132,0.414,0.9801841100687813,10000.0
96,2,"[96.0, 2.0]",0.5,smooth,smooth,2.0,nan,2.0,2.2874770779531106,1.3,1.4,2.3510181078962527,3.0563235402651285,3.2914253510547535,3.0563235402651285,0.00921034984663358,500,200,200,10000,7000,3000,1,2.023687116471461,0.22080488956042515,0.92,0.7851434727711405,0.04931209656029434,0.010152501836743108,0.07116227836207639,0.00784190170064281,2.0203557621440233,0.2664758436047878,0.928,0.9537964270717425,0.0803006259225512,0.008398757602772313,1.3867601147673676,0.6564419204936132,0.414,0.9801841100687813,10000.0
97,2,"[97.0, 2.0]",0.5,smooth,smooth,1.98,nan,1.98,2.329837764581872,1.3,1.4,2.393378794525014,3.111392432882518,3.3507303123350196,3.111392432882518,0.00921034984663358,500,200,200,10000,7000,3000,1,2.0180556493857527,0.22221416865582244,0.918,0.782364489773056,0.049047226170080435,0.01008542961713672,0.07106363505872394,0.007825316159203177,2.0148057034463815,0.26761499964499313,0.924,0.9518523722351346,0.08013710166137061,0.008374941374487264,1.3867601147673676,0.6377980868362948,0.538,0.9801841100687813,10000.0
98,2,"[98.0, 2.0]",0.5,smooth,smooth,1.97,nan,1.97,2.3721984512106333,1.3,1.4,2.4357394811537754,3.166461325499908,3.4100352736152852,3.1664613254999074,0.00921034984663358,500,200,200,10000,7000,3000,1,2.0125711317256307,0.22246322683726327,0.92,0.779665252141988,0.04878843971461158,0.010019976202026932,0.07096787324901621,0.007809248829154962,2.009399735694887,0.26791165721418214,0.928,0.9499752359795609,0.079977450453076,0.008351822629479616,1.3867601147673676,0.6285074397868216,0.55,0.9801841100687813,10000.0
99,2,"[99.0, 2.0]",0.5,smooth,smooth,1.95,nan,1.95,2.4145591378393947,1.3,1.4,2.4781001677825367,3.221530218117298,3.4693402348955513,3.2215302181172984,0.00921034984663358,500,200,200,10000,7000,3000,1,2.0072264484975,0.2251832251385384,0.918,0.7770416388886455,0.04853564993721145,0.009956107749514692,0.07087495812714312,0.0077936994283447055,2.0041320029619705,0.2701478191691393,0.924,0.9481613722023043,0.07982168456496583,0.008329425038935604,1.3867601147673676,0.6099934478812702,0.558,0.9801841100687813,10000.0
100,2,"[100.0, 2.0]",0.5,smooth,smooth,1.94,nan,1.94,2.456919824468156,1.3,1.4,2.520460854411298,3.2765991107346877,3.528645196175817,3.2765991107346872,0.00921034984663358,500,200,200,10000,7000,3000,1,2.0020142774725453,0.22592242012743155,0.916,0.7744900127452283,0.04828874469533306,0.009893808003166086,0.07078483883178066,0.007778664456139289,1.998995172628457,0.27085225045391076,0.918,0.946406660807515,0.07966978031302442,0.008307731014524509,1.3867601147673676,0.6007721770799869,0.574,0.9801841100687813,10000.0
