dataset,x0_index,reference,kernel,bandwidth,bandwidth_over_h0,ess,theta0
blogfeedback,0,matern52_0.8h0,matern52,13.642173341830869,0.8,12613.053556419005,0.4920606960705791
blogfeedback,0,matern52_h0,matern52,17.052716677288586,1.0,13192.455300328682,0.5148905614993182
blogfeedback,0,matern52_1.2h0,matern52,20.463260012746304,1.2,13560.190692231788,0.5327970766497635
blogfeedback,0,gaussian_ess_matched,gaussian,17.1813408791197,1.0075427396270775,13192.455300328682,0.5137763520305936
blogfeedback,1,matern52_0.8h0,matern52,12.125969291997755,0.8,12711.180359045788,0.5275825053848915
blogfeedback,1,matern52_h0,matern52,15.157461614997194,1.0,13220.348809933286,0.541118888721819
blogfeedback,1,matern52_1.2h0,matern52,18.188953937996633,1.2,13555.695129101663,0.5528822344696166
blogfeedback,1,gaussian_ess_matched,gaussian,15.473310039756022,1.0208378178867574,13220.348809933286,0.5390625576370317
blogfeedback,2,matern52_0.8h0,matern52,18.460387346705442,0.7999999999999999,13642.581248766039,0.5382831014696532
blogfeedback,2,matern52_h0,matern52,23.075484183381803,1.0,13924.711389764707,0.5560387350995598
blogfeedback,2,matern52_1.2h0,matern52,27.690581020058165,1.2,14098.190042730797,0.5693829612231623
blogfeedback,2,gaussian_ess_matched,gaussian,23.38392154927364,1.0133664526144142,13924.71138976471,0.556151385615139
blogfeedback,3,matern52_0.8h0,matern52,9.691245138444819,0.8,10753.160737421027,0.46642837682848365
blogfeedback,3,matern52_h0,matern52,12.114056423056022,1.0,11828.108117376956,0.48746608346672526
blogfeedback,3,matern52_1.2h0,matern52,14.536867707667225,1.2,12529.309446824973,0.5051731774126427
blogfeedback,3,gaussian_ess_matched,gaussian,11.909775111247235,0.9831368366899803,11828.108117376958,0.4840188340621411
blogfeedback,4,matern52_0.8h0,matern52,10.36455946742713,0.8,11427.822777006095,0.4573466507972877
blogfeedback,4,matern52_h0,matern52,12.955699334283912,1.0,12293.665345495674,0.4821097246139361
blogfeedback,4,matern52_1.2h0,matern52,15.546839201140694,1.2,12863.527934822503,0.501950148702946
blogfeedback,4,gaussian_ess_matched,gaussian,12.922302581647124,0.997422234664831,12293.665345495676,0.4805802145555217
blogfeedback,5,matern52_0.8h0,matern52,13.794950175576055,0.8,12985.343466153534,0.5091587568886244
blogfeedback,5,matern52_h0,matern52,17.243687719470067,1.0,13431.570106946008,0.5290206768015444
blogfeedback,5,matern52_1.2h0,matern52,20.69242526336408,1.2,13722.266133540552,0.5447277930512783
blogfeedback,5,gaussian_ess_matched,gaussian,17.589836902276627,1.0200739649451966,13431.57010694601,0.5285329731498151
blogfeedback,6,matern52_0.8h0,matern52,16.542443719618884,0.7999999999999999,13483.312868433404,0.5292447981228062
blogfeedback,6,matern52_h0,matern52,20.678054649523606,1.0,13800.725785771489,0.5476054522795357
blogfeedback,6,matern52_1.2h0,matern52,24.813665579428328,1.2,14001.832864010847,0.5616780211535085
blogfeedback,6,gaussian_ess_matched,gaussian,21.03953277542745,1.0174812443448191,13800.725785771489,0.5476469744596895
blogfeedback,7,matern52_0.8h0,matern52,9.696896866744808,0.8000000000000002,10756.855062932802,0.4661778108294078
blogfeedback,7,matern52_h0,matern52,12.121121083431008,1.0,11831.02561302876,0.48730386167157713
blogfeedback,7,matern52_1.2h0,matern52,14.545345300117209,1.2,12531.600254180754,0.5050637364597396
blogfeedback,7,gaussian_ess_matched,gaussian,11.917960018133874,0.9832390862281835,11831.02561302876,0.4838773145446893
blogfeedback,8,matern52_0.8h0,matern52,11.865386212563159,0.8,12647.727812827963,0.5003066661532557
blogfeedback,8,matern52_h0,matern52,14.831732765703949,1.0,13156.250505774324,0.5194230415950701
blogfeedback,8,matern52_1.2h0,matern52,17.79807931884474,1.2,13497.044606158037,0.5349340858244922
blogfeedback,8,gaussian_ess_matched,gaussian,15.187830038959703,1.0240091484171812,13156.250505774324,0.5187830671910763
blogfeedback,9,matern52_0.8h0,matern52,9.623332335763465,0.8,11029.154396012205,0.4427280867044441
blogfeedback,9,matern52_h0,matern52,12.02916541970433,1.0,11981.53857996442,0.46910137411993846
blogfeedback,9,matern52_1.2h0,matern52,14.434998503645197,1.2,12615.882232847254,0.4901389595683838
blogfeedback,9,gaussian_ess_matched,gaussian,11.943466192657482,0.992875712981179,11981.53857996442,0.46772735929077214
blogfeedback,10,matern52_0.8h0,matern52,15.277434915369051,0.8,13442.653369892436,0.5674252426185447
blogfeedback,10,matern52_h0,matern52,19.096793644211314,1.0,13781.867333003649,0.5775158991551573
blogfeedback,10,matern52_1.2h0,matern52,22.916152373053574,1.2,13991.251278968739,0.5858598079994188
blogfeedback,10,gaussian_ess_matched,gaussian,19.281686417077402,1.0096818752043297,13781.86733300365,0.5761569594161099
blogfeedback,11,matern52_0.8h0,matern52,11.875029484995437,0.8,12370.374467344358,0.47928584736958385
blogfeedback,11,matern52_h0,matern52,14.843786856244297,1.0,12977.33521882476,0.5027849065139974
blogfeedback,11,matern52_1.2h0,matern52,17.812544227493156,1.2,13375.440268752698,0.5212878883294279
blogfeedback,11,gaussian_ess_matched,gaussian,15.050157567796973,1.013902834468811,12977.33521882476,0.5022976051309661
blogfeedback,12,matern52_0.8h0,matern52,12.401630152850222,0.8,12592.17694025387,0.5379895479317068
blogfeedback,12,matern52_h0,matern52,15.502037691062776,1.0,13162.838301002232,0.5493644882653572
blogfeedback,12,matern52_1.2h0,matern52,18.602445229275332,1.2,13528.230474098491,0.559735723980624
blogfeedback,12,gaussian_ess_matched,gaussian,15.681081713195033,1.0115497088641114,13162.838301002232,0.5463750171854025
blogfeedback,13,matern52_0.8h0,matern52,9.573058764366841,0.8,10578.569685221903,0.4405515863387269
blogfeedback,13,matern52_h0,matern52,11.966323455458552,1.0,11687.474706223846,0.4668320168686671
blogfeedback,13,matern52_1.2h0,matern52,14.359588146550262,1.2,12418.627882967423,0.48803543379063347
blogfeedback,13,gaussian_ess_matched,gaussian,11.705870018024921,0.9782344645451797,11687.474706223846,0.46427597200933207
blogfeedback,14,matern52_0.8h0,matern52,9.628047270878788,0.8000000000000002,10718.513512238218,0.468140013758773
blogfeedback,14,matern52_h0,matern52,12.035059088598484,1.0,11798.172643068023,0.4884906334899638
blogfeedback,14,matern52_1.2h0,matern52,14.442070906318179,1.2,12504.9766908971,0.5057918261339202
blogfeedback,14,gaussian_ess_matched,gaussian,11.825454317384256,0.9825838186857929,11798.172643068023,0.4849155220231663
blogfeedback,15,matern52_0.8h0,matern52,18.53643075351029,0.8,13652.212778374627,0.5365550956979145
blogfeedback,15,matern52_h0,matern52,23.170538441887864,1.0,13929.048249370362,0.5546828769992594
blogfeedback,15,matern52_1.2h0,matern52,27.804646130265436,1.2,14100.575137137324,0.5682855290234152
blogfeedback,15,gaussian_ess_matched,gaussian,23.496347690442487,1.014061358538204,13929.048249370366,0.5549357116312412
blogfeedback,16,matern52_0.8h0,matern52,9.343260048959513,0.8,10679.98727175237,0.44424257059865246
blogfeedback,16,matern52_h0,matern52,11.67907506119939,1.0,11725.211649517043,0.4690854498764978
blogfeedback,16,matern52_1.2h0,matern52,14.014890073439267,1.2,12425.036279374423,0.4893445971943555
blogfeedback,16,gaussian_ess_matched,gaussian,11.518353601997543,0.9862385113239146,11725.211649517043,0.4668888843115023
blogfeedback,17,matern52_0.8h0,matern52,9.502086378493683,0.8,10702.352872281395,0.4337088663895002
blogfeedback,17,matern52_h0,matern52,11.877607973117103,1.0,11758.183200602856,0.46187087954775885
blogfeedback,17,matern52_1.2h0,matern52,14.253129567740523,1.2,12459.035383697803,0.48413521189811287
blogfeedback,17,gaussian_ess_matched,gaussian,11.693667508688067,0.9845136777669921,11758.183200602856,0.4602723716707461
blogfeedback,18,matern52_0.8h0,matern52,13.280549108381772,0.8,12989.02906778159,0.5111292413866828
blogfeedback,18,matern52_h0,matern52,16.600686385477214,1.0,13420.56333087841,0.5299412660223733
blogfeedback,18,matern52_1.2h0,matern52,19.920823662572655,1.2,13705.977379303291,0.54501143887603
blogfeedback,18,gaussian_ess_matched,gaussian,16.99636494052351,1.0238350719878937,13420.563330878416,0.5294517915755375
blogfeedback,19,matern52_0.8h0,matern52,10.224000938743055,0.8,11147.249820925825,0.4662577059103155
blogfeedback,19,matern52_h0,matern52,12.780001173428818,1.0,12115.33015546147,0.4888857102246811
blogfeedback,19,matern52_1.2h0,matern52,15.336001408114582,1.2,12747.572464148498,0.5075387020563195
blogfeedback,19,gaussian_ess_matched,gaussian,12.635817561942357,0.9887180283061134,12115.330155461472,0.4860988138781578
blogfeedback,20,matern52_0.8h0,matern52,11.972416132831212,0.8,12715.933014876955,0.5265374825134961
blogfeedback,20,matern52_h0,matern52,14.965520166039013,1.0,13220.453052081386,0.5407642960679032
blogfeedback,20,matern52_1.2h0,matern52,17.958624199246817,1.2,13554.675209463147,0.5529547131910297
blogfeedback,20,gaussian_ess_matched,gaussian,15.294781894105808,1.022001355409883,13220.453052081386,0.538947333621566
blogfeedback,21,matern52_0.8h0,matern52,16.096265257966056,0.8,13428.709816362343,0.551405158058703
blogfeedback,21,matern52_h0,matern52,20.12033157245757,1.0,13774.255990066358,0.5652206529216839
blogfeedback,21,matern52_1.2h0,matern52,24.144397886949083,1.2,13988.597460071418,0.5761162098374163
blogfeedback,21,gaussian_ess_matched,gaussian,20.37594551212037,1.012704260799196,13774.255990066358,0.5643555542408866
blogfeedback,22,matern52_0.8h0,matern52,10.50257328481331,0.8,12036.649380606827,0.4781418240879662
blogfeedback,22,matern52_h0,matern52,13.128216606016638,1.0,12699.76295115132,0.4997934639429799
blogfeedback,22,matern52_1.2h0,matern52,15.753859927219965,1.2,13146.02600727913,0.5172338991210905
blogfeedback,22,gaussian_ess_matched,gaussian,13.339946608417819,1.016127857176286,12699.762951151324,0.4991627215168481
blogfeedback,23,matern52_0.8h0,matern52,10.87674948263668,0.8,12168.342334656398,0.4751251844024017
blogfeedback,23,matern52_h0,matern52,13.595936853295848,1.0,12805.567064801593,0.49772419379066296
blogfeedback,23,matern52_1.2h0,matern52,16.315124223955017,1.2,13230.00012086021,0.5157867034989658
blogfeedback,23,gaussian_ess_matched,gaussian,13.809776111470141,1.0157281738273487,12805.567064801593,0.49715413659384705
blogfeedback,24,matern52_0.8h0,matern52,17.140625923796225,0.8,13583.93000696132,0.5336564892894093
blogfeedback,24,matern52_h0,matern52,21.42578240474528,1.0,13870.581098665083,0.5515687784603773
blogfeedback,24,matern52_1.2h0,matern52,25.710938885694336,1.2,14052.39933756004,0.5652190845368058
blogfeedback,24,gaussian_ess_matched,gaussian,21.825533576825414,1.0186574830514286,13870.581098665085,0.551807018592212
blogfeedback,25,matern52_0.8h0,matern52,11.523874604702968,0.8,12461.621982910263,0.48902140269121164
blogfeedback,25,matern52_h0,matern52,14.40484325587871,1.0,13023.080849817934,0.5098905198501443
blogfeedback,25,matern52_1.2h0,matern52,17.285811907054452,1.2,13397.599680518613,0.526665070683023
blogfeedback,25,gaussian_ess_matched,gaussian,14.690773630431476,1.0198495998514996,13023.080849817936,0.5093063584101561
blogfeedback,26,matern52_0.8h0,matern52,14.550249301326915,0.8,13230.877731553193,0.5146053180943589
blogfeedback,26,matern52_h0,matern52,18.187811626658643,1.0,13608.553953234363,0.5342343046372842
blogfeedback,26,matern52_1.2h0,matern52,21.825373951990372,1.2,13852.314590329284,0.5495402509698705
blogfeedback,26,gaussian_ess_matched,gaussian,18.542090963219394,1.0194789424826387,13608.553953234365,0.5341122138784037
blogfeedback,27,matern52_0.8h0,matern52,9.429146532780143,0.8,10601.08048890033,0.44566822667391864
blogfeedback,27,matern52_h0,matern52,11.786433165975177,1.0,11687.65707647462,0.47064747312411026
blogfeedback,27,matern52_1.2h0,matern52,14.143719799170212,1.2,12409.884093328046,0.490994673826734
blogfeedback,27,gaussian_ess_matched,gaussian,11.570382706193252,0.9816695639181483,11687.65707647462,0.46811788925674397
blogfeedback,28,matern52_0.8h0,matern52,9.834772527005585,0.8,10879.469280103915,0.47417491314856014
blogfeedback,28,matern52_h0,matern52,12.29346565875698,1.0,11915.304650790038,0.49335906724558903
blogfeedback,28,matern52_1.2h0,matern52,14.752158790508377,1.2,12593.401803036219,0.5099387837351904
blogfeedback,28,gaussian_ess_matched,gaussian,12.119703243732031,0.9858654654555306,11915.304650790038,0.4896184921903172
blogfeedback,29,matern52_0.8h0,matern52,17.046331617643375,0.8,13546.978294416831,0.5306050741366064
blogfeedback,29,matern52_h0,matern52,21.30791452205422,1.0,13846.354616144099,0.5490714179159469
blogfeedback,29,matern52_1.2h0,matern52,25.569497426465063,1.2,14035.613149827972,0.5631324986494228
blogfeedback,29,gaussian_ess_matched,gaussian,21.686615805021688,1.0177727990496443,13846.354616144105,0.549274524276586
blogfeedback,30,matern52_0.8h0,matern52,13.404077672966807,0.8,12929.809453687552,0.5034793063598497
blogfeedback,30,matern52_h0,matern52,16.75509709120851,1.0,13386.556380551207,0.523880464732688
blogfeedback,30,matern52_1.2h0,matern52,20.10611650945021,1.2,13684.625566916851,0.5400059145932743
blogfeedback,30,gaussian_ess_matched,gaussian,17.08673786310414,1.0197934258506711,13386.556380551208,0.5234527471350001
blogfeedback,31,matern52_0.8h0,matern52,9.758560566152171,0.8,11432.145751219783,0.4960050945008544
blogfeedback,31,matern52_h0,matern52,12.198200707690214,1.0,12274.617195784034,0.5118836534689178
blogfeedback,31,matern52_1.2h0,matern52,14.637840849228256,1.2,12835.690980804944,0.52584033898935
blogfeedback,31,gaussian_ess_matched,gaussian,12.251691983045317,1.0043851775058414,12274.617195784034,0.508997855994884
blogfeedback,32,matern52_0.8h0,matern52,14.616660514178367,0.8,13253.468852119853,0.5173183930504257
blogfeedback,32,matern52_h0,matern52,18.270825642722958,1.0,13622.564970264059,0.5365754960126006
blogfeedback,32,matern52_1.2h0,matern52,21.92499077126755,1.2,13862.44496892597,0.5516074676678707
blogfeedback,32,gaussian_ess_matched,gaussian,18.666908427990087,1.0216784283869997,13622.564970264059,0.5365312198886305
blogfeedback,33,matern52_0.8h0,matern52,9.445368117562067,0.8,10540.38102996604,0.4465895597648593
blogfeedback,33,matern52_h0,matern52,11.806710146952582,1.0,11654.854597727404,0.47150806226251174
blogfeedback,33,matern52_1.2h0,matern52,14.168052176343098,1.2,12391.610059058898,0.49173787057593255
blogfeedback,33,gaussian_ess_matched,gaussian,11.540900381576677,0.9774865511164841,11654.854597727404,0.4689182891326937
blogfeedback,34,matern52_0.8h0,matern52,14.48741462510202,0.8,13226.407232884836,0.5262599716933232
blogfeedback,34,matern52_h0,matern52,18.109268281377524,1.0,13605.289890272086,0.5435324474308562
blogfeedback,34,matern52_1.2h0,matern52,21.73112193765303,1.2,13851.53083346957,0.5572555624947365
blogfeedback,34,gaussian_ess_matched,gaussian,18.49966332473365,1.0215577480707811,13605.289890272086,0.5430273933899757
blogfeedback,35,matern52_0.8h0,matern52,13.092564503591753,0.8,12718.143870530708,0.49260521108466304
blogfeedback,35,matern52_h0,matern52,16.36570562948969,1.0,13241.222237666434,0.5151712281519913
blogfeedback,35,matern52_1.2h0,matern52,19.638846755387625,1.2,13580.895976360756,0.5328305570195165
blogfeedback,35,gaussian_ess_matched,gaussian,16.631299740440117,1.0162286990224147,13241.222237666438,0.5147794986072678
blogfeedback,36,matern52_0.8h0,matern52,16.476033711320948,0.7999999999999999,13232.295515259668,0.6131574795891693
blogfeedback,36,matern52_h0,matern52,20.595042139151186,1.0,13707.279001544008,0.612733067311018
blogfeedback,36,matern52_1.2h0,matern52,24.714050566981424,1.2,13968.899633795305,0.6139632566925993
blogfeedback,36,gaussian_ess_matched,gaussian,20.235202683021697,0.9825278601666255,13707.279001544008,0.6097750518712092
blogfeedback,37,matern52_0.8h0,matern52,9.488616017037602,0.8,10526.472819239285,0.4411746042556024
blogfeedback,37,matern52_h0,matern52,11.860770021297002,1.0,11645.49220006415,0.46706716143206634
blogfeedback,37,matern52_1.2h0,matern52,14.232924025556402,1.2,12385.312905578261,0.48803138225178455
blogfeedback,37,gaussian_ess_matched,gaussian,11.594418521083055,0.9775434900317862,11645.49220006415,0.46446970327508824
blogfeedback,38,matern52_0.8h0,matern52,28.485145623699733,0.8,14045.618396348276,0.6774289880250862
blogfeedback,38,matern52_h0,matern52,35.60643202962466,1.0,14252.927818825345,0.6607138647772136
blogfeedback,38,matern52_1.2h0,matern52,42.7277184355496,1.2,14351.532590835119,0.6516029828323439
blogfeedback,38,gaussian_ess_matched,gaussian,34.227615953139626,0.9612762077554454,14252.927818825347,0.6573412524225244
blogfeedback,39,matern52_0.8h0,matern52,9.870848730730236,0.8,10737.832543788572,0.447154197621644
blogfeedback,39,matern52_h0,matern52,12.338560913412794,1.0,11815.514861033082,0.4721923155713749
blogfeedback,39,matern52_1.2h0,matern52,14.806273096095351,1.2,12521.18542268742,0.4926221800422771
blogfeedback,39,gaussian_ess_matched,gaussian,12.097323501390619,0.9804484968939988,11815.514861033082,0.46933411774514144
blogfeedback,40,matern52_0.8h0,matern52,14.218088613740154,0.8,13179.567994942741,0.5169990173135549
blogfeedback,40,matern52_h0,matern52,17.77261076717519,1.0,13567.851259644483,0.5358894014081726
blogfeedback,40,matern52_1.2h0,matern52,21.32713292061023,1.2,13820.71729310868,0.550738938171467
blogfeedback,40,gaussian_ess_matched,gaussian,18.162437829217577,1.021934147275783,13567.851259644485,0.5356861368353828
blogfeedback,41,matern52_0.8h0,matern52,9.766896249507072,0.8,10639.580412311341,0.4386932843077198
blogfeedback,41,matern52_h0,matern52,12.20862031188384,1.0,11746.416368131222,0.46587935567734856
blogfeedback,41,matern52_1.2h0,matern52,14.650344374260607,1.2,12470.484691783458,0.4876199329624276
blogfeedback,41,gaussian_ess_matched,gaussian,11.934753340211303,0.9775677378216149,11746.416368131224,0.46338929174233606
blogfeedback,42,matern52_0.8h0,matern52,9.416293859376049,0.8,10524.846747524743,0.4477685768856159
blogfeedback,42,matern52_h0,matern52,11.77036732422006,1.0,11640.45710701969,0.47201287935981223
blogfeedback,42,matern52_1.2h0,matern52,14.124440789064073,1.2,12379.58489964063,0.49192690351051377
blogfeedback,42,gaussian_ess_matched,gaussian,11.510891533333165,0.9779551662459193,11640.45710701969,0.46916631982601736
blogfeedback,43,matern52_0.8h0,matern52,28.24412604940726,0.8,14008.321696040563,0.6845704700781923
blogfeedback,43,matern52_h0,matern52,35.305157561759074,1.0,14235.263450870307,0.6652791651593305
blogfeedback,43,matern52_1.2h0,matern52,42.366189074110885,1.2,14341.723300442265,0.65479663153589
blogfeedback,43,gaussian_ess_matched,gaussian,33.83541840834239,0.958370412287619,14235.263450870312,0.66155055279702
blogfeedback,44,matern52_0.8h0,matern52,14.041053899187554,0.8,13186.701790319014,0.5353951390515937
blogfeedback,44,matern52_h0,matern52,17.551317373984443,1.0,13578.070525056553,0.5506213080158435
blogfeedback,44,matern52_1.2h0,matern52,21.06158084878133,1.2,13831.730889709655,0.5629308581350088
blogfeedback,44,gaussian_ess_matched,gaussian,17.9106223427441,1.0204716809059724,13578.070525056553,0.5497334344494536
blogfeedback,45,matern52_0.8h0,matern52,11.237760061957362,0.8,11861.814497091358,0.530455085159564
blogfeedback,45,matern52_h0,matern52,14.047200077446702,1.0,12659.078177221072,0.5407056155862189
blogfeedback,45,matern52_1.2h0,matern52,16.85664009293604,1.2,13164.528648593041,0.5508617644220071
blogfeedback,45,gaussian_ess_matched,gaussian,14.016788275225018,0.9978350274749407,12659.078177221074,0.5363025751615503
blogfeedback,46,matern52_0.8h0,matern52,12.59549798782065,0.8,12613.343052313978,0.4896653458845972
blogfeedback,46,matern52_h0,matern52,15.74437248477581,1.0,13158.00345691587,0.5118761213875349
blogfeedback,46,matern52_1.2h0,matern52,18.89324698173097,1.2,13513.858517177512,0.5294255594406299
blogfeedback,46,gaussian_ess_matched,gaussian,16.002455516515287,1.016392081169893,13158.003456915872,0.5113194767013858
blogfeedback,47,matern52_0.8h0,matern52,18.17747700232689,0.8,13563.417450599838,0.5295516308480046
blogfeedback,47,matern52_h0,matern52,22.72184625290861,1.0,13869.84899624073,0.5488502892908906
blogfeedback,47,matern52_1.2h0,matern52,27.26621550349033,1.2,14059.230348978925,0.563364267236055
blogfeedback,47,gaussian_ess_matched,gaussian,23.008347109919576,1.0126090483062877,13869.84899624073,0.5489691661429664
blogfeedback,48,matern52_0.8h0,matern52,11.127589859993495,0.8,11840.005666966867,0.46724258347011144
blogfeedback,48,matern52_h0,matern52,13.909487324991868,1.0,12601.605415530106,0.49124937764210713
blogfeedback,48,matern52_1.2h0,matern52,16.69138478999024,1.2,13099.397100387356,0.5104596696156045
blogfeedback,48,gaussian_ess_matched,gaussian,13.951995759680232,1.0030560748714288,12601.605415530106,0.4898404920075119
blogfeedback,49,matern52_0.8h0,matern52,9.659895237891817,0.8,10618.568826081868,0.4411342910648395
blogfeedback,49,matern52_h0,matern52,12.074869047364771,1.0,11724.630969764747,0.46763251423405383
blogfeedback,49,matern52_1.2h0,matern52,14.489842856837726,1.2,12450.828265741577,0.48893055504672356
blogfeedback,49,gaussian_ess_matched,gaussian,11.811635404312092,0.97819987595558,11724.630969764747,0.4651200832536966
