sex,age,method,n_reps,n_unlab_clusters,coverage,coverage_cluster_se,coverage_cluster_sd,bias,abs_bias,rmse,se_mean,width,emp_sd,theta0_mean,theta_hat_mean,sigma2_Y_mean,sigma2_Y_minus_f_mean,sigma2_f_mean,lambda_factor_mean,h_factor_mean,k_target_mean,R_MB_mean,R_GH_mean,bias_score_mean,bias_budget_mean,gh_gamma_eff_mean,edge_score_mean,pc_ratio_mean,fallback_rate,tuning_seconds_mean_per_unlab_draw,estimation_seconds_mean,amortized_procedure_seconds_mean,nw_corr_mean,nw_relative_difference_mean,negative_weight_fraction_mean,M_lambda_over_eigmax_mean,width_ratio_vs_GH_P1_c22,rmse_ratio_vs_GH_P1_c22,width_ratio_vs_GH_P1_c15,rmse_ratio_vs_GH_P1_c15
1,70,GH_P1_c22,1000,50,0.94,0.0071428571428571,0.0505076272276105,0.0179118415475017,0.0179118415475017,0.5793524836933639,0.5952454614204827,2.333362208768292,0.5793652823775955,6.886993353152679,6.904905194700181,28.928334838163227,22.498863787885814,3.677524948252014,398.1071705534972,1.3999999999999997,4423.92,21.2463828033797,21.57275917059151,21.57275917059151,22.0,0.3821157885682916,0.7321382000421006,20.53529595529945,0.0,7.546389412209391,0.0023618188826367,0.3796812894931062,0.9889018559329328,0.1893639253351747,0.0,0.9917207834869158,1.0,1.0,,
1,70,LO_GH_P1_c22w,1000,50,0.938,0.0077670155537532,0.0549210936764031,0.0140765344272859,0.0140765344272859,0.6636972572275986,0.6758754794075995,2.6494318792777904,0.663879986945699,6.886993353152679,6.901069887579967,28.9192641812038,,,,,4423.92,21.2463828033797,21.57275917059151,21.57275917059151,22.0,0.3821157885682916,0.7321382000421006,20.53529595529945,,7.546389412209391,0.0022916062613949,0.3796110768718644,0.9889018559329328,0.1893639253351747,0.0,0.9917207834869158,1.135456753915776,1.1455845550131036,,
1,70,PPI_global,1000,50,0.074,0.0083592793361873,0.0591090310445062,-1.600139067351629,1.600139067351629,1.6494561920003006,0.4144192964925353,1.6245236422507383,0.4005260485645975,6.886993353152679,5.286854285801051,,,,,,,,,,,,,,,0.0,8.35223514586687e-05,8.35223514586687e-05,,,,,0.6962158023071235,2.8470684745926014,,
1,71,GH_P1_c22,1000,50,0.916,0.007618452357699,0.0538705932427565,0.000569465908348,0.000569465908348,0.6102718172982791,0.5893488026414112,2.310247306354332,0.6105769164224859,6.85268486576419,6.853254331672539,28.47602925675125,22.10209232127741,3.6736261321633066,396.469582462764,1.3999999999999997,4438.93,22.40954303238682,21.6711852574393,21.6711852574393,22.0,0.3821157885682916,0.7460782462710934,20.297270759995374,0.0,7.566786117069423,0.0023758753743022,0.3807151812277734,0.988817062394965,0.1927507392833129,0.0,0.9776777356183683,1.0,1.0,,
1,71,LO_GH_P1_c22w,1000,50,0.924,0.0065838392124588,0.0465547735337152,-0.0023267956198803,0.0023267956198803,0.6959902195250394,0.6703253329736535,2.627675305256722,0.6963345844852215,6.85268486576419,6.85035807014431,28.46676047033638,,,,,4438.93,22.40954303238682,21.6711852574393,21.6711852574393,22.0,0.3821157885682916,0.7460782462710934,20.297270759995374,,7.566786117069423,0.0023036031657829,0.3806429090192541,0.988817062394965,0.1927507392833129,0.0,0.9776777356183683,1.1374000082282554,1.1404593818640394,,
1,71,PPI_global,1000,50,0.074,0.0083592793361873,0.0591090310445062,-1.5868705901680935,1.5868705901680935,1.6409198479076372,0.4109109854848167,1.6107710631004817,0.4178927034878894,6.85268486576419,5.265814275596096,,,,,,,,,,,,,,,0.0,8.415395766496658e-05,8.415395766496658e-05,,,,,0.6972288458772608,2.6888343872278377,,
1,72,GH_P1_c22,1000,50,0.939,0.0083653805554042,0.0591521731793239,0.0495707462831905,0.0495707462831905,0.594429449608603,0.5894002241803352,2.310448878786914,0.5926553399969844,6.819842917392506,6.869413663675697,29.62851143226972,22.961416189423367,3.834951831264168,380.9124956007988,1.3999999999999997,4459.18,23.44498654600419,21.09015609144444,21.09015609144444,22.0,0.3821157885682916,0.759478254155125,19.82190241668896,0.0,7.567581963986158,0.0023748792689293,0.3807539774682373,0.9882248100293304,0.201791163812973,0.0,0.9290166658211184,1.0,1.0,,
1,72,LO_GH_P1_c22w,1000,50,0.932,0.0083004794550479,0.0586932530976403,0.0525484266783418,0.0525484266783418,0.6682648289549591,0.6730461178032893,2.638340781788894,0.6665289230611893,6.819842917392506,6.872391344070848,29.61859098813773,,,,,4459.18,23.44498654600419,21.09015609144444,21.09015609144444,22.0,0.3821157885682916,0.759478254155125,19.82190241668896,,7.567581963986158,0.0023023191876709,0.3806814173869788,0.9882248100293304,0.201791163812973,0.0,0.9290166658211184,1.141916969473974,1.124212182614728,,
1,72,PPI_global,1000,50,0.09,0.0097937922862872,0.0692525693916618,-1.5338662066230837,1.5338662066230837,1.587523295859909,0.4137927018608471,1.6220673912945207,0.4094536938470871,6.819842917392506,5.285976710769423,,,,,,,,,,,,,,,0.0,8.391165267676115e-05,8.391165267676115e-05,,,,,0.7020572522453631,2.6706673044298195,,
1,73,GH_P1_c22,1000,50,0.938,0.007222414091294,0.0510701798049127,0.1124841150860925,0.1124841150860925,0.629408730285619,0.5985471879734107,2.3463049768557696,0.619585797265582,6.7883700141781,6.900854129264195,34.57661229366182,26.94573651988432,4.468348123102062,329.3284707427035,1.3999999999999997,4474.7,23.504736628741437,18.82184115032612,18.82184115032612,22.0,0.3821157885682916,0.7716923337801073,19.08205982969029,0.0,7.567595590744167,0.0023789903111755,0.3807587698483839,0.9862812796661732,0.2262717734677654,0.0,0.7956354300914468,1.0,1.0,,
1,73,LO_GH_P1_c22w,1000,50,0.948,0.0060541771715477,0.0428094973250619,0.1116216364494864,0.1116216364494864,0.7150278895773134,0.6811673537857523,2.670176026840149,0.7066150281077193,6.7883700141781,6.899991650627589,34.56318355045963,,,,,4474.7,23.504736628741437,18.82184115032612,18.82184115032612,22.0,0.3821157885682916,0.7716923337801073,19.08205982969029,,7.567595590744167,0.0023065826753154,0.3806863622125238,0.9862812796661732,0.2262717734677654,0.0,0.7956354300914468,1.1380345066728672,1.1360310958077138,,
1,73,PPI_global,1000,50,0.098,0.0093634112046708,0.0662093155786083,-1.518723095337574,1.518723095337574,1.577284982083946,0.4114848826402189,1.613020739949658,0.4260159198431102,6.7883700141781,5.269646918840528,,,,,,,,,,,,,,,0.0,8.375529199838638e-05,8.375529199838638e-05,,,,,0.6874727522042897,2.505978875393404,,
1,74,GH_P1_c22,1000,50,0.944,0.0069458547320818,0.0491146098219173,0.1244319662515631,0.1244319662515631,0.6083605116628678,0.5914610091356042,2.318527155811568,0.5957970897021684,6.758177456728083,6.882609422979647,34.64101796076857,26.96345270464969,4.556536732905179,317.0465600622046,1.3999999999999997,4492.59,24.5484844354507,18.428855132857997,18.428855132857997,22.0,0.3821157885682916,0.7836682222672868,18.619241144893667,0.0,7.567086944952607,0.0023750099483877,0.3807293571960181,0.9858812643199508,0.2340737009728389,0.0,0.7584004419304727,1.0,1.0,,
1,74,LO_GH_P1_c22w,1000,50,0.945,0.0064285714285714,0.0454568645048494,0.1176236755663472,0.1176236755663472,0.6881655185230985,0.6730883790446694,2.638506445855104,0.6783779540041868,6.758177456728083,6.875801132294432,34.629538297289635,,,,,4492.59,24.5484844354507,18.428855132857997,18.428855132857997,22.0,0.3821157885682916,0.7836682222672868,18.619241144893667,,7.567086944952607,0.0023028148356825,0.3806571620833129,0.9858812643199508,0.2340737009728389,0.0,0.7584004419304727,1.13800972278521,1.1311804519364594,,
1,74,PPI_global,1000,50,0.11,0.0108796758655198,0.0769309258162072,-1.48699997349562,1.48699997349562,1.5438216539520406,0.4106705773330557,1.6098286631455785,0.4151972625175205,6.758177456728083,5.2711774832324645,,,,,,,,,,,,,,,0.0,8.380863722413779e-05,8.380863722413779e-05,,,,,0.6943324597731875,2.537675645206198,,
1,75,GH_P1_c22,1000,50,0.952,0.0068452277432633,0.0484030695602783,0.1855888969958059,0.1855888969958059,0.6315980532536928,0.6066751859953579,2.3781667291018027,0.604017963214357,6.729184392914373,6.914773289910178,35.93981726634309,28.171909037603083,4.534238806668472,316.227766016838,1.3999999999999997,4507.67,25.901790881570324,18.56411129158681,18.56411129158681,22.0,0.3821157885682916,0.7936859083904408,18.2936198873141,0.0,7.567317494545132,0.0023774632178246,0.3807433379450812,0.986054401786866,0.2366257990575102,0.0,0.75020047449342,1.0,1.0,,
1,75,LO_GH_P1_c22w,1000,50,0.951,0.0064665544558607,0.045725445066512,0.1955621323023977,0.1955621323023977,0.7107211490646765,0.6870637992572195,2.6932900930883004,0.6836280797982498,6.729184392914373,6.9247465252167695,35.92563085039373,,,,,4507.67,25.901790881570324,18.56411129158681,18.56411129158681,22.0,0.3821157885682916,0.7936859083904408,18.2936198873141,,7.567317494545132,0.0023049189802259,0.3806707937074825,0.986054401786866,0.2366257990575102,0.0,0.75020047449342,1.1325068424052485,1.1252744453586885,,
1,75,PPI_global,1000,50,0.136,0.0122090632109837,0.0863311138842178,-1.4274471712135968,1.4274471712135968,1.4884171713939829,0.4191516254612167,1.64307437180797,0.4218509306644566,6.729184392914373,5.301737221700775,,,,,,,,,,,,,,,0.0,8.404539339244366e-05,8.404539339244366e-05,,,,,0.6908995705395871,2.3565892322282584,,
1,76,GH_P1_c22,1000,50,0.953,0.0072011903777877,0.0509201054874903,0.1745149597634337,0.1745149597634337,0.622525186401944,0.589213316481093,2.309716200605884,0.5978625060159249,6.7013169697097785,6.87583192947321,33.91593717140534,26.401859628335863,4.499409404004067,316.227766016838,1.3999999999999997,4521.85,27.30019318660746,18.777902388668917,18.777902388668917,22.0,0.3821157885682916,0.8043044701056532,17.810187158234154,0.0,7.569177903812378,0.0023883564742282,0.3808472516648471,0.9861812100995776,0.2387958908825852,0.0,0.7440069080273528,1.0,1.0,,
1,76,LO_GH_P1_c22w,1000,50,0.958,0.0054135129489989,0.0382793171627836,0.1677886640146257,0.1677886640146257,0.7022455571180114,0.670631906585004,2.628877073813216,0.6822472044414263,6.7013169697097785,6.869105633724402,33.90644150655756,,,,,4521.85,27.30019318660746,18.777902388668917,18.777902388668917,22.0,0.3821157885682916,0.8043044701056532,17.810187158234154,,7.569177903812378,0.0023181237541139,0.3807770189447328,0.9861812100995776,0.2387958908825852,0.0,0.7440069080273528,1.1381818567682078,1.128059671250947,,
1,76,PPI_global,1000,50,0.144,0.0104627619563431,0.0739828992927088,-1.407309901635644,1.407309901635644,1.4683448980484988,0.410909948358538,1.610766997565469,0.4191554266080598,6.7013169697097785,5.294007068074132,,,,,,,,,,,,,,,0.0,8.583167660981417e-05,8.583167660981417e-05,,,,,0.6973874093894882,2.358691551959854,,
1,77,GH_P1_c22,1000,50,0.946,0.0068273160830562,0.0482764149963308,0.1661638581775254,0.1661638581775254,0.6378510406085365,0.5937325929006406,2.327431764170512,0.6161356550195244,6.674507573728135,6.840671431905657,34.05746648161473,26.624488160981688,4.397341569825854,316.227766016838,1.3999999999999997,4535.38,28.77262142232936,18.95174430729865,18.95174430729865,22.0,0.3821157885682916,0.813075614424055,17.500970445358778,0.0,7.567395195290446,0.0023731393255293,0.3807428990900516,0.9864976402176384,0.2405589911710143,0.0,0.7385509375705476,1.0,1.0,,
1,77,LO_GH_P1_c22w,1000,50,0.949,0.006774803257931,0.0479050932488777,0.1604602968441027,0.1604602968441027,0.7126253502704106,0.6737180087571993,2.640974594328221,0.6946725508739104,6.674507573728135,6.834967870572235,34.0485253206531,,,,,4535.38,28.77262142232936,18.95174430729865,18.95174430729865,22.0,0.3821157885682916,0.813075614424055,17.500970445358778,,7.567395195290446,0.0023021727269515,0.3806719324914738,0.9864976402176384,0.2405589911710143,0.0,0.7385509375705476,1.1347162288426766,1.117228482672908,,
1,77,PPI_global,1000,50,0.15,0.010202040612204,0.0721393209883005,-1.4014002985712222,1.4014002985712222,1.4638808849851774,0.4126084869280246,1.6174252687578563,0.4233245235534051,6.674507573728135,5.27310727515691,,,,,,,,,,,,,,,0.0,8.36779922246933e-05,8.36779922246933e-05,,,,,0.6949399306382248,2.2950199839582828,,
1,78,GH_P1_c22,1000,50,0.952,0.0075538880379441,0.0534140545595426,0.1709895187876962,0.1709895187876962,0.6305090601676415,0.5904294050241095,2.314483267694509,0.6071844302603495,6.64869416044111,6.819683679228809,33.56441626392427,26.336400691522787,4.3731988192030045,316.227766016838,1.3999999999999997,4552.53,30.372421387473068,19.166317847396755,19.166317847396755,22.0,0.3821157885682916,0.8227082114727398,17.01603358591635,0.0,7.566920463740826,0.0023741926271468,0.3807202158141881,0.986674922966825,0.2424674240309427,0.0,0.7322744921315748,1.0,1.0,,
1,78,LO_GH_P1_c22w,1000,50,0.937,0.0081828591380683,0.0578615518602246,0.1606742292533843,0.1606742292533843,0.708014464864538,0.6691494438204146,2.623065819776025,0.6898871057861417,6.64869416044111,6.809368389694496,33.55671087456454,,,,,4552.53,30.372421387473068,19.166317847396755,19.166317847396755,22.0,0.3821157885682916,0.8227082114727398,17.01603358591635,,7.566920463740826,0.0023034733841195,0.3806494965711609,0.986674922966825,0.2424674240309427,0.0,0.7322744921315748,1.1333267586716664,1.1229251244641736,,
1,78,PPI_global,1000,50,0.161,0.0108128796972378,0.0764586055807123,-1.3759768491597115,1.3759768491597115,1.4386097491390453,0.41191174640239,1.6146940458973686,0.4200740209504707,6.64869416044111,5.272717311281402,,,,,,,,,,,,,,,0.0,8.351429644972086e-05,8.351429644972086e-05,,,,,0.6976477507680534,2.2816638808592917,,
1,79,GH_P1_c22,1000,50,0.942,0.0088479214669725,0.0625642526870234,0.1680348061671764,0.1680348061671764,0.6224955846678256,0.5831357524219581,2.285892149494076,0.5996871530463416,6.62381966116426,6.791854467331437,32.513622196602554,25.30024710821856,4.288723306078432,316.227766016838,1.3999999999999997,4566.52,31.970358740850564,19.36731825213671,19.36731825213671,22.0,0.3821157885682916,0.8312030370237108,16.50743654815769,0.0,7.565524282101542,0.0023668856825679,0.380643099787645,0.9869103343813994,0.2438788595428495,0.0,0.7269841643722055,1.0,1.0,,
1,79,LO_GH_P1_c22w,1000,50,0.937,0.0086673207497814,0.0612872127688932,0.1631109469738772,0.1631109469738772,0.7062917782779002,0.6621169574545479,2.595498473221828,0.687543170027086,6.62381966116426,6.786930608138138,32.50289819509625,,,,,4566.52,31.970358740850564,19.36731825213671,19.36731825213671,22.0,0.3821157885682916,0.8312030370237108,16.50743654815769,,7.565524282101542,0.0022965258806943,0.3805727399857715,0.9869103343813994,0.2438788595428495,0.0,0.7269841643722055,1.1354422271393143,1.1346133140121624,,
1,79,PPI_global,1000,50,0.137,0.0106722986832112,0.0754645476974696,-1.361421166612929,1.361421166612929,1.4243217435620918,0.40940679998972,1.6048746559597025,0.4188081141985762,6.62381966116426,5.262398494551332,,,,,,,,,,,,,,,0.0,8.259591925889254e-05,8.259591925889254e-05,,,,,0.702078029497105,2.2880832870840915,,
1,80,GH_P1_c22,1000,50,0.939,0.008486483851588,0.0600085027988806,0.1788150322561842,0.1788150322561842,0.6339219624955985,0.5864421597217789,2.298853266109373,0.6084837641751466,6.599831460900203,6.778646493156388,32.823618981557594,25.60414180436509,4.230386129989087,316.227766016838,1.3999999999999997,4581.3,33.697461925097585,19.567300188358164,19.567300188358164,22.0,0.3821157885682916,0.839284229946235,15.92871965359846,0.0,7.565679870340973,0.0023684265464544,0.3806524200635031,0.9872039847414312,0.245135846784461,0.0,0.7217317219700765,1.0,1.0,,
1,80,LO_GH_P1_c22w,1000,50,0.94,0.0078246079643595,0.0553283335172488,0.1816938611219083,0.1816938611219083,0.7162096786480182,0.6667467869230981,2.6136474047385443,0.6931263006757128,6.599831460900203,6.781525322022112,32.81140032481266,,,,,4581.3,33.697461925097585,19.567300188358164,19.567300188358164,22.0,0.3821157885682916,0.839284229946235,15.92871965359846,,7.565679870340973,0.0022982486533001,0.3805822421703487,0.9872039847414312,0.245135846784461,0.0,0.7217317219700765,1.136935289985661,1.1298073280636511,,
1,80,PPI_global,1000,50,0.174,0.0113605116297548,0.0803309481114831,-1.3334100069403805,1.3334100069403805,1.3988723711058266,0.4122001825438382,1.6158247155718457,0.4231320180974629,6.599831460900203,5.266421453959825,,,,,,,,,,,,,,,0.0,8.290220238268376e-05,8.290220238268376e-05,,,,,0.7028829283682385,2.2066949149368518,,
1,81,GH_P1_c22,1000,50,0.951,0.0073526338471187,0.0519909725287938,0.1917350606170651,0.1917350606170651,0.642076835319959,0.5821344872828961,2.281967190148953,0.613087436822721,6.576680952449951,6.768416013067017,32.226198193616824,25.070360159865025,4.188974433697066,316.227766016838,1.3999999999999997,4594.74,35.38267566895022,19.761017982664665,19.761017982664665,22.0,0.3821157885682916,0.8465658700805613,15.360653060363566,0.0,7.577035422846674,0.0023805135525763,0.38123228469491,0.987438177843126,0.2461879799652909,0.0,0.7170056202513863,1.0,1.0,,
1,81,LO_GH_P1_c22w,1000,50,0.955,0.0053927388823362,0.0381324223286832,0.189037981341445,0.189037981341445,0.7085823526812073,0.6605230712557318,2.589250439322468,0.683242572264156,6.576680952449951,6.765718933791397,32.21713240786832,,,,,4594.74,35.38267566895022,19.761017982664665,19.761017982664665,22.0,0.3821157885682916,0.8465658700805613,15.360653060363566,,7.577035422846674,0.0023089924976229,0.3811607636399566,0.987438177843126,0.2461879799652909,0.0,0.7170056202513863,1.1346571723292207,1.1035787521101077,,
1,81,PPI_global,1000,50,0.184,0.0102459549011663,0.0724498419034626,-1.305040736875979,1.305040736875979,1.371742989743746,0.4105215468493136,1.6092444636493095,0.4227602526687527,6.576680952449951,5.2716402155739726,,,,,,,,,,,,,,,0.0,8.378289639949798e-05,8.378289639949798e-05,,,,,0.7052005263687722,2.136415634836258,,
1,82,GH_P1_c22,1000,50,0.945,0.0053927388823362,0.0381324223286832,0.2097128774102343,0.2097128774102343,0.6384905170584929,0.5776600925685609,2.2644275628687587,0.6033694590597602,6.554323155487665,6.764036032897897,31.525495444310977,24.4136801528933,4.1427479116668025,316.227766016838,1.3999999999999997,4605.1,36.935487018995005,19.94456042437817,19.94456042437817,22.0,0.3821157885682916,0.8526833062220447,14.74915843391018,0.0,7.603127748668194,0.002371558795683,0.3825279462290927,0.987660102238606,0.2470536324665819,0.0,0.7132173624993499,1.0,1.0,,
1,82,LO_GH_P1_c22w,1000,50,0.947,0.0057870368858654,0.0409205302497214,0.2179195280884258,0.2179195280884258,0.7016232400121601,0.6560994067181714,2.571909674335232,0.6672566835068522,6.554323155487665,6.7722426835760885,31.514268065744517,,,,,4605.1,36.935487018995005,19.94456042437817,19.94456042437817,22.0,0.3821157885682916,0.8526833062220447,14.74915843391018,,7.603127748668194,0.0023013767981901,0.3824577642315999,0.987660102238606,0.2470536324665819,0.0,0.7132173624993499,1.1357880095210156,1.098878090225236,,
1,82,PPI_global,1000,50,0.197,0.0119018091576234,0.084158499637437,-1.2634599425120911,1.2634599425120911,1.3329411092519965,0.4110842161183539,1.6114501271839472,0.4249488862878023,6.554323155487665,5.290863212975571,,,,,,,,,,,,,,,0.0,8.138739597052336e-05,8.138739597052336e-05,,,,,0.7116368629352103,2.087644332437101,,
1,83,GH_P1_c22,1000,50,0.947,0.0077472839216892,0.05478156996804,0.2374889662141565,0.2374889662141565,0.6360454794983949,0.5867565580624999,2.300085707605,0.5903400242751082,6.53271638582561,6.770205352039769,32.22129153927834,25.139803315445317,4.080659468265667,316.227766016838,1.3999999999999997,4615.82,38.61981893432706,20.1363140002305,20.1363140002305,22.0,0.3821157885682916,0.8589217969792237,14.046474468327672,0.0,7.60502453604713,0.0023830763269215,0.3826343031292781,0.987897928069412,0.2476592886605884,0.0,0.7093600660068964,1.0,1.0,,
1,83,LO_GH_P1_c22w,1000,50,0.948,0.0068452277432633,0.0484030695602783,0.2318146902236655,0.2318146902236655,0.7011368944644881,0.6660838302327649,2.6110486145124376,0.6620371495340543,6.53271638582561,6.764531076049278,32.214182353547635,,,,,4615.82,38.61981893432706,20.1363140002305,20.1363140002305,22.0,0.3821157885682916,0.8589217969792237,14.046474468327672,,7.60502453604713,0.0023120551547035,0.3825632819570601,0.987897928069412,0.2476592886605884,0.0,0.7093600660068964,1.1351962258968311,1.10233767405662,,
1,83,PPI_global,1000,50,0.218,0.0145518075179963,0.1028968177449663,-1.2343185016309293,1.2343185016309293,1.302607308204945,0.4154636183048134,1.6286173837548683,0.4164337317911265,6.53271638582561,5.298397884194682,,,,,,,,,,,,,,,0.0,8.271966502070427e-05,8.271966502070427e-05,,,,,0.7080681291005856,2.047978250285217,,
1,84,GH_P1_c22,1000,50,0.938,0.0085188865805003,0.0602376246923086,0.2125569746107927,0.2125569746107927,0.6643996135140923,0.5779856167891987,2.2657036178136587,0.6297960161861823,6.511821961855987,6.724378936466783,31.213129203738216,24.286059263218792,4.037487567935491,316.227766016838,1.3999999999999997,4628.52,40.44484905099451,20.32239375155615,20.32239375155615,22.0,0.3821157885682916,0.8650263008651946,13.335264881311709,0.0,7.607863669749349,0.0024005800457671,0.3827937635332346,0.9881400077799812,0.2481713116024801,0.0,0.7052309942604736,1.0,1.0,,
1,84,LO_GH_P1_c22w,1000,50,0.938,0.0083982505466851,0.0593845991166472,0.2058250507399979,0.2058250507399979,0.7373121751957937,0.6571841452051869,2.576161849204333,0.7083551787338531,6.511821961855987,6.717647012595988,31.205407320781,,,,,4628.52,40.44484905099451,20.32239375155615,20.32239375155615,22.0,0.3821157885682916,0.8650263008651946,13.335264881311709,,7.607863669749349,0.0023281793389469,0.3827213628264144,0.9881400077799812,0.2481713116024801,0.0,0.7052309942604736,1.1370250852537622,1.1097420290419162,,
1,84,PPI_global,1000,50,0.227,0.0108053274842003,0.0764052033701947,-1.235940114646253,1.235940114646253,1.3136197036975006,0.410907000748249,1.6107554429331363,0.445249375020867,6.511821961855987,5.275881847209736,,,,,,,,,,,,,,,0.0,8.456007298082114e-05,8.456007298082114e-05,,,,,0.710929457087362,1.9771530220338367,,
1,85,GH_P1_c22,1000,50,0.939,0.008117755797243,0.0574012017224698,0.2245911193759482,0.2245911193759482,0.6413433827632812,0.5771245049045888,2.262328059225988,0.601033613965828,6.491603941585139,6.716195060961086,30.999580947317583,24.043687613047425,3.982665678581888,316.227766016838,1.3999999999999997,4640.16,42.33623227958997,20.48965427344816,20.48965427344816,22.0,0.3821157885682916,0.8704284303119906,12.573359090762136,0.0,7.606138699240983,0.002388889376074,0.3826958243381232,0.988471586161678,0.2485149406930817,0.0,0.7015147964804953,1.0,1.0,,
1,85,LO_GH_P1_c22w,1000,50,0.939,0.0083653805554041,0.0591521731793239,0.2350378625674754,0.2350378625674754,0.7143768798959356,0.6576448833461822,2.577967942717034,0.6749422766180311,6.491603941585139,6.726641804152613,30.98794862827872,,,,,4640.16,42.33623227958997,20.48965427344816,20.48965427344816,22.0,0.3821157885682916,0.8704284303119906,12.573359090762136,,7.606138699240983,0.0023166771540418,0.3826236121160909,0.988471586161678,0.2485149406930817,0.0,0.7015147964804953,1.1395199437163133,1.1138758098945116,,
1,85,PPI_global,1000,50,0.22,0.0128571428571428,0.0909137290096989,-1.2085559956582643,1.2085559956582643,1.2787179098549943,0.4130379992650016,1.6191089571188062,0.4179552427321772,6.491603941585139,5.283047945926873,,,,,,,,,,,,,,,0.0,8.342458680272102e-05,8.342458680272102e-05,,,,,0.7156826573033591,1.993811652574526,,
1,86,GH_P1_c22,1000,50,0.948,0.0063823736867681,0.0451301971398037,0.2552284667298664,0.2552284667298664,0.6283495593888782,0.5769296970246212,2.261564412336515,0.5744663699165373,6.472028886351449,6.727257353081314,30.68187099203492,23.83428491559766,3.950415018015669,316.227766016838,1.3999999999999997,4649.88,44.205312326090656,20.68372234937022,20.68372234937022,22.0,0.3821157885682916,0.8757654851712473,11.817110284129985,0.0,7.605269669834525,0.0023873086581006,0.3826507921498269,0.9886988647210674,0.2487742848356518,0.0,0.6981770313031933,1.0,1.0,,
1,86,LO_GH_P1_c22w,1000,50,0.948,0.0076877851697564,0.0543608502584012,0.2710551075350407,0.2710551075350407,0.7158585688721504,0.6560879909813601,2.5718649246469303,0.6628891621894258,6.472028886351449,6.743083993886488,30.667918680741707,,,,,4649.88,44.205312326090656,20.68372234937022,20.68372234937022,22.0,0.3821157885682916,0.8757654851712473,11.817110284129985,,7.605269669834525,0.0023162891427055,0.3825797726344317,0.9886988647210674,0.2487742848356518,0.0,0.6981770313031933,1.1372061351061988,1.1392680366775174,,
1,86,PPI_global,1000,50,0.255,0.0123097770997243,0.0870432686210995,-1.1628372157199147,1.1628372157199147,1.2342841219037108,0.4158091722831611,1.6299719553499918,0.4140511341151404,6.472028886351449,5.309191670631534,,,,,,,,,,,,,,,0.0,8.291717153042554e-05,8.291717153042554e-05,,,,,0.7207276283879975,1.9643271861353004,,
1,87,GH_P1_c22,1000,50,0.941,0.0073803379160511,0.0521868698788795,0.2363421143030486,0.2363421143030486,0.6287917035431787,0.5717392231658479,2.2412177548101235,0.5829762196901531,6.453065647674776,6.689407761977824,30.031364206173897,23.31863782424391,3.9063899990915294,316.227766016838,1.3999999999999997,4659.98,46.10277981188508,20.886045910953676,20.886045910953676,22.0,0.3821157885682916,0.8810027769232545,11.083148166222031,0.0,7.604132109433412,0.0023798135416582,0.3825864190133288,0.98890841011199,0.2491113425313681,0.0,0.6948033688306771,1.0,1.0,,
1,87,LO_GH_P1_c22w,1000,50,0.939,0.0087236483661554,0.0616855091639545,0.2265295358938248,0.2265295358938248,0.6965868485895141,0.6519996209946118,2.555838514298878,0.659053836157983,6.453065647674776,6.679595183568599,30.02531449156368,,,,,4659.98,46.10277981188508,20.886045910953676,20.886045910953676,22.0,0.3821157885682916,0.8810027769232545,11.083148166222031,,7.604132109433412,0.0023088370999321,0.3825154425716027,0.98890841011199,0.2491113425313681,0.0,0.6948033688306771,1.1403793802782047,1.1078181290629576,,
1,87,PPI_global,1000,50,0.241,0.0111291124020356,0.0786947084806668,-1.1583176410027265,1.1583176410027265,1.228959644519075,0.412402230797791,1.6166167447273407,0.4108659894169753,6.453065647674776,5.294748006672049,,,,,,,,,,,,,,,0.0,8.208060264587403e-05,8.208060264587403e-05,,,,,0.721311769576045,1.954478148477484,,
1,88,GH_P1_c22,1000,50,0.94,0.0071428571428571,0.0505076272276105,0.2273663656090359,0.2273663656090359,0.6113193118229774,0.57188935105684,2.241806256142813,0.5677483377099657,6.434685174491137,6.662051540100173,29.940357037971204,23.20047242992348,3.848937191491336,316.227766016838,1.3999999999999997,4669.56,48.06240864882329,21.070850966031703,21.070850966031703,22.0,0.3821157885682916,0.8857893794210135,10.317812702185805,0.0,7.604533574320376,0.0023803403172641,0.382607019033283,0.9892010076001404,0.2491740412538177,0.0,0.6916683349343276,1.0,1.0,,
1,88,LO_GH_P1_c22w,1000,50,0.943,0.0084527498242782,0.0597699672042057,0.2340297044045009,0.2340297044045009,0.6843034987776052,0.6533783203814598,2.561243015895323,0.6433624881719485,6.434685174491137,6.668714878895639,29.930325429475637,,,,,4669.56,48.06240864882329,21.070850966031703,21.070850966031703,22.0,0.3821157885682916,0.8857893794210135,10.317812702185805,,7.604533574320376,0.0023097580028697,0.3825364367188886,0.9892010076001404,0.2491740412538177,0.0,0.6916683349343276,1.142490796819402,1.119387995018489,,
1,88,PPI_global,1000,50,0.246,0.0135405664126546,0.0957462633149488,-1.1535862959710734,1.1535862959710734,1.2213661739538069,0.4133497065227228,1.6203308495690734,0.4014163969621191,6.434685174491137,5.281098878520064,,,,,,,,,,,,,,,0.0,8.168258611112834e-05,8.168258611112834e-05,,,,,0.7227791630651293,1.9979185187388349,,
1,89,GH_P1_c22,1000,50,0.959,0.0064980373803109,0.0459480629602153,0.2407028537315843,0.2407028537315843,0.6109868801712985,0.5686126851497245,2.2289617257869203,0.5618565535202574,6.416860337458491,6.657563191190077,29.389270961481643,22.81770971470709,3.8106290301802495,316.227766016838,1.3999999999999997,4679.43,50.119696535969325,21.248510036859187,21.248510036859187,22.0,0.3821157885682916,0.8901924803620231,9.743728118160137,0.0,7.603427846301347,0.0023747682701796,0.382546160585247,0.98941626354721,0.2492447252636309,0.0,0.6886205169917755,1.0,1.0,,
1,89,LO_GH_P1_c22w,1000,50,0.949,0.0072125174636367,0.0510002000796395,0.2352499029325623,0.2352499029325623,0.6945799924455379,0.6474061292951092,2.537832026836828,0.6538550110317384,6.416860337458491,6.652110240391054,29.381676383923672,,,,,4679.43,50.119696535969325,21.248510036859187,21.248510036859187,22.0,0.3821157885682916,0.8901924803620231,9.743728118160137,,7.603427846301347,0.0023038318427279,0.3824752241577953,0.98941626354721,0.2492447252636309,0.0,0.6886205169917755,1.1385713794349084,1.1368165421994052,,
1,89,PPI_global,1000,50,0.275,0.0145160010235011,0.1026436275942851,-1.1281517060485593,1.1281517060485593,1.1998331883363738,0.4124337242251485,1.616740198962582,0.4087058213698143,6.416860337458491,5.288708631409932,,,,,,,,,,,,,,,0.0,8.149015158414841e-05,8.149015158414841e-05,,,,,0.7253333156233549,1.9637626064899856,,
1,90,GH_P1_c22,1000,50,0.942,0.0077406955337966,0.05473498303048,0.2574990812818679,0.2574990812818679,0.6331730926225162,0.572141026214874,2.242792822762305,0.5787377002458379,6.399565768644426,6.6570648499262965,29.67791887928862,23.03702371806329,3.779807891554925,316.227766016838,1.3999999999999997,4689.68,52.23966938385909,21.39666362874132,21.39666362874132,22.0,0.3821157885682916,0.8941799984382762,9.160938466876363,0.0,7.603924368899316,0.0023770997840911,0.3825733182290569,0.9896607386258984,0.2489102999331671,0.0,0.6856833655028673,1.0,1.0,,
1,90,LO_GH_P1_c22w,1000,50,0.953,0.0062938259348316,0.044504069981272,0.244300070043516,0.244300070043516,0.6999175073472853,0.6505686238814377,2.550229005615236,0.6562260475579004,6.399565768644426,6.643865838687944,29.67506696060185,,,,,4689.68,52.23966938385909,21.39666362874132,21.39666362874132,22.0,0.3821157885682916,0.8941799984382762,9.160938466876363,,7.603924368899316,0.0023074480993673,0.3825036665443331,0.9896607386258984,0.2489102999331671,0.0,0.6856833655028673,1.1370773883939405,1.1054125885993085,,
1,90,PPI_global,1000,50,0.287,0.0139100609602678,0.0983589843172364,-1.1101961598486068,1.1101961598486068,1.1843710058799444,0.4138460437268687,1.6222764914093255,0.4127584472330514,6.399565768644426,5.2893696087958215,,,,,,,,,,,,,,,0.0,8.146942872554064e-05,8.146942872554064e-05,,,,,0.7233287332404028,1.8705327495431647,,
1,91,GH_P1_c22,1000,50,0.937,0.0072576490262174,0.051319328419103,0.2989330816815925,0.2989330816815925,0.6616829283603242,0.5732097066470414,2.246982050056403,0.5906031852964583,6.382777716803456,6.681710798485049,29.723860258674904,23.0008505694213,3.77494679072652,316.227766016838,1.3999999999999997,4695.61,54.03949013098836,21.550776174459592,21.550776174459592,22.0,0.3821157885682916,0.8973340343562516,8.807306624039017,0.0,7.540703602209687,0.0023620307426899,0.3793972108531743,0.9897739026011564,0.248956930115613,0.0,0.6836962299590417,1.0,1.0,,
1,91,LO_GH_P1_c22w,1000,50,0.932,0.008422515984562,0.0595561816733595,0.2904953363495215,0.2904953363495215,0.7371223521922174,0.653729158387777,2.562618300880086,0.6778061986316364,6.382777716803456,6.673273053152976,29.71728582855459,,,,,4695.61,54.03949013098836,21.550776174459592,21.550776174459592,22.0,0.3821157885682916,0.8973340343562516,8.807306624039017,,7.540703602209687,0.0022934934645891,0.3793286735750735,0.9897739026011564,0.248956930115613,0.0,0.6836962299590417,1.1404711937132563,1.114011440523084,,
1,91,PPI_global,1000,50,0.314,0.0150536455683651,0.106445348629698,-1.0521733760085907,1.0521733760085907,1.1369328108139682,0.4180124611093843,1.6386088475487863,0.4309676742637379,6.382777716803456,5.330604340794864,,,,,,,,,,,,,,,0.0,8.224535267800092e-05,8.224535267800092e-05,,,,,0.7292487483412048,1.7182441348930244,,
1,92,GH_P1_c22,1000,50,0.932,0.0063503173631122,0.0449035247014334,0.2789791467390037,0.2789791467390037,0.6566842963309685,0.5710438149065399,2.238491754433636,0.5947761422517455,6.366473916996397,6.645453063735399,29.376445861783083,22.827237849738683,3.735941834126728,316.227766016838,1.3999999999999997,4706.37,56.3442570906782,21.6942360553054,21.6942360553054,22.0,0.3821157885682916,0.9012399563695586,8.224199946349893,0.0,7.564796416461467,0.0023723677331581,0.3806121885562316,0.9900961692705684,0.2482748416984229,0.0,0.6807198093807609,1.0,1.0,,
1,92,LO_GH_P1_c22w,1000,50,0.93,0.0072843135908468,0.0515078753637712,0.2832733595775408,0.2832733595775408,0.7354391289877076,0.6501550708929722,2.548607877900451,0.6790346119337772,6.366473916996397,6.649747276573936,29.36713832288625,,,,,4706.37,56.3442570906782,21.6942360553054,21.6942360553054,22.0,0.3821157885682916,0.9012399563695586,8.224199946349893,,7.564796416461467,0.0023025307860225,0.3805423516090959,0.9900961692705684,0.2482748416984229,0.0,0.6807198093807609,1.1385379789103929,1.1199279975122882,,
1,92,PPI_global,1000,50,0.322,0.0151966698822539,0.1074566832519513,-1.0594504257773485,1.0594504257773485,1.144723091855271,0.4161942910368649,1.6314816208645104,0.4337555720024015,6.366473916996397,5.307023491219047,,,,,,,,,,,,,,,0.0,8.278370462357998e-05,8.278370462357998e-05,,,,,0.728830748486404,1.7431863351249253,,
1,93,GH_P1_c22,1000,50,0.939,0.0079910664405411,0.0565053726901888,0.2802106047862678,0.2802106047862678,0.6478157176124364,0.5659781016433464,2.218634158441917,0.5843703531671424,6.350633471838759,6.630844076625025,29.705578755656543,23.04138627792692,3.8685407028761,304.5207239009796,1.3999999999999997,4713.26,57.65046998055956,21.292758805626807,21.292758805626807,22.0,0.3821157885682916,0.9047955896720972,7.743248389124324,0.0,7.564768135566265,0.0023689359528943,0.3806073427312076,0.989795518397176,0.2562756261463432,0.0,0.6533528825406459,1.0,1.0,,
1,93,LO_GH_P1_c22w,1000,50,0.946,0.0074010479125649,0.052333311668612,0.2752400499794837,0.2752400499794837,0.7207035598537198,0.6447632617673148,2.5274719861278743,0.6664087609791948,6.350633471838759,6.625873521818241,29.696551863238277,,,,,4713.26,57.65046998055956,21.292758805626807,21.292758805626807,22.0,0.3821157885682916,0.9047955896720972,7.743248389124324,,7.564768135566265,0.0022989072473719,0.3805373140256852,0.989795518397176,0.2562756261463432,0.0,0.6533528825406459,1.1392017816505833,1.1125132352606633,,
1,93,PPI_global,1000,50,0.297,0.0143860760346061,0.1017249191873528,-1.0563917459380483,1.0563917459380483,1.1382141008081164,0.4116129436798597,1.61352273922505,0.4239664679645665,6.350633471838759,5.29424172590071,,,,,,,,,,,,,,,0.0,8.20897538214922e-05,8.20897538214922e-05,,,,,0.7272594866916592,1.7570029097211048,,
1,94,GH_P1_c22,1000,50,0.949,0.0078882501098734,0.0557783514438703,0.3715935734635785,0.3715935734635785,0.675027658633472,0.5767185550006827,2.260736735602676,0.5638248438436272,6.335236742370896,6.706830315834475,34.81338424925639,26.97097170471996,4.5241636498616815,255.09099052291103,1.3999999999999997,4727.32,57.49103391805387,19.14766484842489,19.14766484842489,22.0,0.3821157885682916,0.9115249827757492,6.062906487034821,0.0,7.56539780607447,0.0023689842214807,0.3806388745252043,0.9888963298408514,0.289361744783128,0.0,0.5437612584939309,1.0,1.0,,
1,94,LO_GH_P1_c22w,1000,50,0.942,0.0067551945243067,0.0477664385637156,0.3706112297764801,0.3706112297764801,0.7390614882585831,0.6566386726386321,2.5740235967434373,0.6397409383952348,6.335236742370896,6.705847972147378,34.80438568641405,,,,,4727.32,57.49103391805387,19.14766484842489,19.14766484842489,22.0,0.3821157885682916,0.9115249827757492,6.062906487034821,,7.56539780607447,0.0023009983850643,0.3805708886887878,0.9888963298408514,0.289361744783128,0.0,0.5437612584939309,1.1385773302158704,1.0948610457751335,,
1,94,PPI_global,1000,50,0.291,0.0119257909505373,0.0843280765213811,-1.062932229893065,1.062932229893065,1.1330717589736408,0.4103192274338239,1.6084513715405897,0.3926587150499547,6.335236742370896,5.272304512477833,,,,,,,,,,,,,,,0.0,8.234825544059277e-05,8.234825544059277e-05,,,,,0.7114722144380081,1.6785560480105874,,
1,95,GH_P1_c22,1000,50,0.942,0.0089625069379189,0.0633744943223395,0.3732126539681056,0.3732126539681056,0.6948956431826271,0.5810893041388162,2.27787007222416,0.5864607455220837,6.320265248160409,6.693477902128516,35.34565487534888,27.4910889956689,4.532114021856323,253.79020806559345,1.3999999999999997,4729.88,58.72512435722978,19.100165014075987,19.100165014075987,22.0,0.3821157885682916,0.9116140795191,6.730095615913786,0.0,7.564595642480999,0.0023696241257712,0.3805994062498212,0.9885053508726472,0.2909770579483231,0.0,0.5406094703085966,1.0,1.0,,
1,95,LO_GH_P1_c22w,1000,50,0.94,0.0080812203564176,0.0571428571428571,0.3776376182448504,0.3776376182448504,0.7614524863446178,0.6609289516819624,2.5908414905932924,0.6615416506935592,6.320265248160409,6.6979028664052604,35.33396630450945,,,,,4729.88,58.72512435722978,19.100165014075987,19.100165014075987,22.0,0.3821157885682916,0.9116140795191,6.730095615913786,,7.564595642480999,0.002300795122981,0.380530577247031,0.9885053508726472,0.2909770579483231,0.0,0.5406094703085966,1.137396518873239,1.0957796236240018,,
1,95,PPI_global,1000,50,0.323,0.0137921894489569,0.0975255068676698,-1.0390316787768552,1.0390316787768552,1.1201759848723598,0.4151290591995832,1.627305912062366,0.4187872853529393,6.320265248160409,5.281233569383554,,,,,,,,,,,,,,,0.0,8.222964592278004e-05,8.222964592278004e-05,,,,,0.7143980387228278,1.6120060556746991,,
1,96,GH_P1_c22,1000,50,0.93,0.0079539490897571,0.0562429133857986,0.4186105046425289,0.4186105046425289,0.7352251577820539,0.5830113016073385,2.2854043023007677,0.6047205677034451,6.305701577498614,6.724312082141143,35.56433908318893,27.88248686050325,4.559835680418342,251.18864315095823,1.3999999999999997,4736.95,60.76055353020369,19.134958707591068,19.134958707591068,22.0,0.3821157885682916,0.9147156674995842,6.390703776464348,0.0,7.564150485992432,0.0023650558069348,0.3805725801065564,0.988667500451674,0.2924756282914266,0.0,0.5333746448674511,1.0,1.0,,
1,96,LO_GH_P1_c22w,1000,50,0.937,0.0080571935155448,0.0569729617217407,0.4036009958662547,0.4036009958662547,0.7897438317726776,0.6598404665026253,2.58657462869029,0.6791633226091763,6.305701577498614,6.7093025733648695,35.558349597942886,,,,,4736.95,60.76055353020369,19.134958707591068,19.134958707591068,22.0,0.3821157885682916,0.9147156674995842,6.390703776464348,,7.564150485992432,0.0022964313188567,0.3805039556184783,0.988667500451674,0.2924756282914266,0.0,0.5333746448674511,1.131779889486656,1.0741523510363675,,
1,96,PPI_global,1000,50,0.361,0.0159264892937674,0.1126172858011792,-0.9939474065207292,0.9939474065207292,1.0840553918244384,0.415151821792886,1.6273951414281131,0.4329342648625129,6.305701577498614,5.311754170977885,,,,,,,,,,,,,,,0.0,8.187565393745899e-05,8.187565393745899e-05,,,,,0.71208194532135,1.4744536151275034,,
1,97,GH_P1_c22,1000,50,0.939,0.0077314623587056,0.0546696946232927,0.3883392946622568,0.3883392946622568,0.7117474123767019,0.5723209289259688,2.243498041389797,0.5967688868821013,6.291529308079702,6.679868602741959,34.280942780944535,26.74062084706588,4.489977676631716,251.18864315095823,1.3999999999999997,4744.11,63.06402013706518,19.29155979870024,19.29155979870024,22.0,0.3821157885682916,0.9177687102910506,6.038961462793269,0.0,7.564619778953492,0.0023661508318036,0.3805971397794783,0.9889758342438472,0.291610372357678,0.0,0.5317131257113288,1.0,1.0,,
1,97,LO_GH_P1_c22w,1000,50,0.932,0.0077932466839919,0.0551065757771025,0.3649383498323383,0.3649383498323383,0.7667768990746784,0.6497801061698061,2.5471380161856394,0.6747014419815934,6.291529308079702,6.6564676579120405,34.27664702785983,,,,,4744.11,63.06402013706518,19.29155979870024,19.29155979870024,22.0,0.3821157885682916,0.9177687102910506,6.038961462793269,,7.564619778953492,0.002298266492784,0.3805292554404586,0.9889758342438472,0.291610372357678,0.0,0.5317131257113288,1.1353422063197989,1.0773160333863656,,
1,97,PPI_global,1000,50,0.357,0.0128579364834426,0.0909193407950819,-1.003994104873259,1.003994104873259,1.0892773458385452,0.412000385591173,1.6150415115173982,0.4227288412327921,6.291529308079702,5.287535203206443,,,,,,,,,,,,,,,0.0,8.170097880065441e-05,8.170097880065441e-05,,,,,0.7198764972029643,1.530426843704534,,
1,98,GH_P1_c22,1000,50,0.936,0.0074285714285714,0.0525279323167149,0.4178918759145463,0.4178918759145463,0.7393075552266157,0.5794957103075584,2.271623184405629,0.6101756760273161,6.27773293454382,6.695624810458363,35.16248406572595,27.354040780763388,4.473784682303768,251.18864315095823,1.3999999999999997,4750.2,65.1961018910854,19.430520785942427,19.430520785942427,22.0,0.3821157885682916,0.9202736406303584,5.797948155055596,0.0,7.564874258358031,0.0023728548493236,0.3806165677672252,0.9891730969178032,0.2912042574809635,0.0,0.5302986109693153,1.0,1.0,,
1,98,LO_GH_P1_c22w,1000,50,0.931,0.0076784883716438,0.0542951119685139,0.420963734845664,0.420963734845664,0.806938260312079,0.660431003475074,2.5888895336222904,0.6887766715006234,6.27773293454382,6.698696669389481,35.15075624527833,,,,,4750.2,65.1961018910854,19.430520785942427,19.430520785942427,22.0,0.3821157885682916,0.9202736406303584,5.797948155055596,,7.564874258358031,0.002303626014851,0.3805473389327526,0.9891730969178032,0.2912042574809635,0.0,0.5302986109693153,1.1396650427741053,1.0914784444002237,,
1,98,PPI_global,1000,50,0.374,0.0147246842591144,0.1041192409045062,-0.9683334449224684,0.9683334449224684,1.061527009275081,0.4167462839949076,1.633645433260038,0.4351543291238614,6.27773293454382,5.309399489621348,,,,,,,,,,,,,,,0.0,8.252057153731585e-05,8.252057153731585e-05,,,,,0.7191533545153008,1.4358395254728558,,
1,99,GH_P1_c22,1000,50,0.939,0.0079910664405411,0.0565053726901888,0.3994894593122436,0.3994894593122436,0.7019896723462496,0.5754778618925318,2.2558732186187243,0.5775216040828157,6.264297801445152,6.663787260757395,34.44918082948436,26.822807735706377,4.397193642214688,251.18864315095823,1.3999999999999997,4757.96,67.73149107937857,19.574279729298024,19.574279729298024,22.0,0.3821157885682916,0.923109578888236,5.529505075891356,0.0,7.564241238050163,0.0023654672969132,0.3805775291994214,0.9894950371002548,0.2901605485700653,0.0,0.5286146575957479,1.0,1.0,,
1,99,LO_GH_P1_c22w,1000,50,0.936,0.0070043718126464,0.049528388066742,0.4247811792797948,0.4247811792797948,0.781323270537262,0.654396105218298,2.565232732455728,0.6560925698961871,6.264297801445152,6.689078980724948,34.428915884594275,,,,,4757.96,67.73149107937857,19.574279729298024,19.574279729298024,22.0,0.3821157885682916,0.923109578888236,5.529505075891356,,7.564241238050163,0.0022975002666935,0.3805095621692016,0.9894950371002548,0.2901605485700653,0.0,0.5286146575957479,1.1371351507184544,1.1130124862462103,,
1,99,PPI_global,1000,50,0.37,0.0166598625567008,0.1178030178747903,-0.9738538539614228,0.9738538539614228,1.0577111469174292,0.4150913696277071,1.6271581689406116,0.4129552923881456,6.264297801445152,5.29044394748373,,,,,,,,,,,,,,,0.0,8.215575944632292e-05,8.215575944632292e-05,,,,,0.7212985887287247,1.5067332021883697,,
1,100,GH_P1_c22,1000,50,0.927,0.0079808444134076,0.0564330920431533,0.4355227058029358,0.4355227058029358,0.7367844638023432,0.5775740511678555,2.264090280577994,0.594579552014926,6.251210041572008,6.686732747374945,34.41157801846087,26.913602863143787,4.390188621810587,251.18864315095823,1.3999999999999997,4762.85,69.92831785893489,19.715526981244803,19.715526981244803,22.0,0.3821157885682916,0.9253795571950656,5.300251274589329,0.0,7.564875141885132,0.0023687342684715,0.3806124913627282,0.9897276548257952,0.2896755976811619,0.0,0.5274128399034272,1.0,1.0,,
1,100,LO_GH_P1_c22w,1000,50,0.933,0.0079037578249274,0.0558880075486244,0.4337815066111886,0.4337815066111886,0.79510343878549,0.6566094099232985,2.5739088868993294,0.6666839959389153,6.251210041572008,6.684991548183199,34.40250733302302,,,,,4762.85,69.92831785893489,19.715526981244803,19.715526981244803,22.0,0.3821157885682916,0.9253795571950656,5.300251274589329,,7.564875141885132,0.0022991917943581,0.3805429488886148,0.9897276548257952,0.2896755976811619,0.0,0.5274128399034272,1.13684021745027,1.0791533723202826,,
1,100,PPI_global,1000,50,0.381,0.0160286732871731,0.1133398357478382,-0.9377931342295532,0.9377931342295532,1.0296116724614444,0.4170313727076887,1.6347629810141395,0.4252352978284881,6.251210041572008,5.313416907342456,,,,,,,,,,,,,,,0.0,8.219762425869703e-05,8.219762425869703e-05,,,,,0.7220396620389206,1.3974394453812178,,
2,70,GH_P1_c15,1000,50,0.936,0.0071485691446838,0.0505480171798689,0.0488272830864629,0.0488272830864629,0.3994049376296664,0.3864121548024225,1.5147356468254964,0.3966074862221836,4.200841915640374,4.249669198726836,18.52232240882461,14.81766637545132,3.001243581391764,251.18864315095823,1.3999999999999997,4315.49,13.809256277053407,14.161549190746332,14.161549190746332,15.0,0.3821157885682916,0.6810900999613568,19.008310097455237,0.0,7.569356089774519,0.0023767634350806,0.3808445679238066,0.9816551533932404,0.2400142716492216,0.0,0.6581713489418578,,,1.0,1.0
2,70,LO_GH_P1_c15w,1000,50,0.933,0.0073692687865879,0.052108599313827,0.0532570558658005,0.0532570558658005,0.4461197889396648,0.4336421315152285,1.699877155539696,0.4431511424097846,4.200841915640374,4.254098971506173,18.515294460383995,,,,,4315.49,13.809256277053407,14.161549190746332,14.161549190746332,15.0,0.3821157885682916,0.6810900999613568,19.008310097455237,,7.569356089774519,0.0023057417413219,0.3807735462300479,0.9816551533932404,0.2400142716492216,0.0,0.6581713489418578,,,1.1222269437589387,1.1169611261874612
2,70,PPI_global,1000,50,0.184,0.0148076097369713,0.1047056125817639,-0.8660707128444332,0.8660707128444332,0.9086258505167636,0.2698978487516333,1.0579995671064026,0.2749510040626916,4.200841915640374,3.3347712027959395,,,,,,,,,,,,,,,0.0,8.329753298312425e-05,8.329753298312425e-05,,,,,,,0.6984714259043832,2.274948967604536
2,71,GH_P1_c15,1000,50,0.922,0.0079744489925444,0.0563878695885444,0.0541804447956571,0.0541804447956571,0.4135720536267108,0.3880882993158845,1.5213061333182674,0.4102128685698438,4.1801705254873065,4.234350970282963,18.53428836657208,14.893982458785374,2.960604191100139,251.18864315095823,1.3999999999999997,4339.08,14.772166591583693,14.29191412541836,14.29191412541836,15.0,0.3821157885682916,0.6990063483693789,18.92417865110915,0.0,7.56722722666338,0.0023758906880393,0.3807372520212083,0.9814046156063618,0.2455027213270647,0.0,0.6488385701129338,,,1.0,1.0
2,71,LO_GH_P1_c15w,1000,50,0.917,0.0080318244553546,0.056793575376812,0.0541158612905037,0.0541158612905037,0.4659247498734254,0.4351589408598539,1.7058230481706278,0.4630029350006545,4.1801705254873065,4.234286386777811,18.526546814346144,,,,,4339.08,14.772166591583693,14.29191412541836,14.29191412541836,15.0,0.3821157885682916,0.6990063483693789,18.92417865110915,,7.56722722666338,0.0023057411247864,0.3806671024579554,0.9814046156063618,0.2455027213270647,0.0,0.6488385701129338,,,1.121288484159262,1.126586638984964
2,71,PPI_global,1000,50,0.21,0.0130149051130632,0.0920292766194651,-0.8511660084843818,0.8511660084843818,0.8956491939220385,0.2708065907379183,1.0615618356926395,0.2788936827183843,4.1801705254873065,3.3290045170029248,,,,,,,,,,,,,,,0.0,8.266194351017475e-05,8.266194351017475e-05,,,,,,,0.6977963293799158,2.1656424462627
2,72,GH_P1_c15,1000,50,0.929,0.0079654867768289,0.0563244971534752,0.0904970534158936,0.0904970534158936,0.4316508326828719,0.3926353004763074,1.5391303778671253,0.4222689139808567,4.160599118732094,4.251096172147987,18.79832156508502,15.155799939120456,2.9220876554417474,251.18864315095823,1.3999999999999997,4356.32,15.718712416640455,14.46802674370383,14.46802674370383,15.0,0.3821157885682916,0.7155305743289685,18.65713360564857,0.0,7.567596191111952,0.0023762874891981,0.3807560970447957,0.9810752449373944,0.2508367848437138,0.0,0.6411351891873412,,,1.0,1.0
2,72,LO_GH_P1_c15w,1000,50,0.93,0.0083299312783504,0.0589015089373951,0.0875610592912262,0.0875610592912262,0.471749107720712,0.4395905964346967,1.7231951380240111,0.4637837609360577,4.160599118732094,4.248160178023319,18.79307734215034,,,,,4356.32,15.718712416640455,14.46802674370383,14.46802674370383,15.0,0.3821157885682916,0.7155305743289685,18.65713360564857,,7.567596191111952,0.0023063771845772,0.3806861867401748,0.9810752449373944,0.2508367848437138,0.0,0.6411351891873412,,,1.1195901028293371,1.0928951643359848
2,72,PPI_global,1000,50,0.246,0.0139122615130741,0.0983745445753532,-0.8127267780930091,0.8127267780930091,0.8631250708739019,0.2737345694451383,1.073039512224942,0.290765570104841,4.160599118732094,3.3478723406390847,,,,,,,,,,,,,,,0.0,8.366769831627607e-05,8.366769831627607e-05,,,,,,,0.6971725902206699,1.9995908857843632
2,73,GH_P1_c15,1000,50,0.935,0.0084816729193127,0.0599744843705237,0.0882847299260175,0.0882847299260175,0.4105673650663968,0.3873731789597297,1.5185028615221403,0.4011636823286396,4.14203991040899,4.230324640335009,18.08623255537445,14.551866977008189,2.870109242137928,251.18864315095823,1.3999999999999997,4378.34,16.734709718798126,14.599796567311593,14.599796567311593,15.0,0.3821157885682916,0.7299139378926144,18.55004478902834,0.0,7.567297291122377,0.0023785420292988,0.3807434065854176,0.9810057246305858,0.2551308538815474,0.0,0.6334082870486106,,,1.0,1.0
2,73,LO_GH_P1_c15w,1000,50,0.938,0.0074996598562323,0.0530306034093445,0.0879858081690153,0.0879858081690153,0.4572484823056653,0.4339388303080034,1.701040214807373,0.4489278431329689,4.14203991040899,4.230025718578006,18.08082931502536,,,,,4378.34,16.734709718798126,14.599796567311593,14.599796567311593,15.0,0.3821157885682916,0.7299139378926144,18.55004478902834,,7.567297291122377,0.0023081088876351,0.380672973443754,0.9810057246305858,0.2551308538815474,0.0,0.6334082870486106,,,1.1202087647712815,1.1136990448125832
2,73,PPI_global,1000,50,0.248,0.0150482218083013,0.1064069968544918,-0.7931536468917898,0.7931536468917898,0.8409066996737162,0.2724707649389158,1.0680853985605503,0.2794807318185882,4.14203991040899,3.3488862635172016,,,,,,,,,,,,,,,0.0,8.26865965500474e-05,8.26865965500474e-05,,,,,,,0.7033805635966378,2.048157674533447
2,74,GH_P1_c15,1000,50,0.937,0.0072576490262174,0.051319328419103,0.099294613086079,0.099294613086079,0.4135215446473685,0.3882524525993337,1.521949614189388,0.4016241397740937,4.1244133352085,4.223707948294577,18.11305745842916,14.610303060149374,2.827498996300589,251.18864315095823,1.3999999999999997,4398.94,17.842242971422056,14.7708321695157,14.7708321695157,15.0,0.3821157885682916,0.7444760510618302,18.280960486908373,0.0,7.567578512933105,0.0023776807989925,0.3807566064456478,0.9810135300621464,0.259766464888827,0.0,0.6259459918626564,,,1.0,1.0
2,74,LO_GH_P1_c15w,1000,50,0.948,0.005707138387268,0.0403555625480729,0.111363838071979,0.111363838071979,0.4588101170978589,0.4355853765009701,1.7074946758838032,0.4453123872558145,4.1244133352085,4.235777173280478,18.107206911458896,,,,,4398.94,17.842242971422056,14.7708321695157,14.7708321695157,15.0,0.3821157885682916,0.7444760510618302,18.280960486908373,,7.567578512933105,0.0023079352136701,0.3806868608603254,0.9810135300621464,0.259766464888827,0.0,0.6259459918626564,,,1.121912749255657,1.109519257307646
2,74,PPI_global,1000,50,0.263,0.0155714285714285,0.1101066273561909,-0.770932998492895,0.770932998492895,0.8192904349367606,0.2739938859354905,1.0740560328671227,0.2774456788604546,4.1244133352085,3.353480336715604,,,,,,,,,,,,,,,0.0,8.232648111879825e-05,8.232648111879825e-05,,,,,,,0.705710637759306,1.9812521150147384
2,75,GH_P1_c15,1000,50,0.93,0.0074230748895809,0.0524890659167823,0.1258622027052015,0.1258622027052015,0.4328097421109528,0.3914790183021349,1.534597751744369,0.4143122414674396,4.1076472544150295,4.233509457120232,18.8888018053014,15.252489466862857,2.952462317211006,239.8229125870628,1.3999999999999997,4420.34,18.454787539587343,14.370315870344282,14.370315870344282,15.0,0.3821157885682916,0.757942391904366,17.812667039798136,0.0,7.566680273003876,0.0023747260486707,0.3807087396988645,0.9798564534652509,0.2724357092292586,0.00086,0.5909847752687465,,,1.0,1.0
2,75,LO_GH_P1_c15w,1000,50,0.944,0.007645193234434,0.0540596797954985,0.1328720318900657,0.1328720318900657,0.4771234305251791,0.4381180884661272,1.7174229067872189,0.4584779090540911,4.1076472544150295,4.240519286305096,18.881833355693484,,,,,4420.34,18.454787539587343,14.370315870344282,14.370315870344282,15.0,0.3821157885682916,0.757942391904366,17.812667039798136,,7.566680273003876,0.0023049017954617,0.3806389154456556,0.9798564534652509,0.2724357092292586,0.00086,0.5909847752687465,,,1.1191355551218771,1.1023860696806271
2,75,PPI_global,1000,50,0.279,0.0130219594751108,0.0920791584918727,-0.7487648574086654,0.7487648574086654,0.8018521426143044,0.2754717580941385,1.0798492917290228,0.2870547811347236,4.1076472544150295,3.358882397006365,,,,,,,,,,,,,,,0.0,8.202695287764073e-05,8.202695287764073e-05,,,,,,,0.7036692778296879,1.85266657516398
2,76,GH_P1_c15,1000,50,0.942,0.0064460080986734,0.0455801603815537,0.1544653102903719,0.1544653102903719,0.4401294142703796,0.3957378046867438,1.5512921943720357,0.4123401431057896,4.091676225765211,4.24614153605558,21.43935939929704,17.446449395407413,3.380322909872438,205.72572089537653,1.3999999999999997,4441.24,18.13582515379312,12.839135055144382,12.839135055144382,15.0,0.3821157885682916,0.7704806908840032,17.021327312613554,0.0,7.567621312718838,0.002377955853939,0.380759021489881,0.976733036277318,0.3025702567083767,0.000308,0.501397633501641,,,1.0,1.0
2,76,LO_GH_P1_c15w,1000,50,0.941,0.0060084973842323,0.0424864924513229,0.1514690345211441,0.1514690345211441,0.485111631683072,0.4422148632063545,1.7334822637689091,0.4610889608364639,4.091676225765211,4.243145260286353,21.43098504446909,,,,,4441.24,18.13582515379312,12.839135055144382,12.839135055144382,15.0,0.3821157885682916,0.7704806908840032,17.021327312613554,,7.567621312718838,0.0023071113647893,0.3806881770007312,0.976733036277318,0.3025702567083767,0.000308,0.501397633501641,,,1.1174440702131063,1.10220225223361
2,76,PPI_global,1000,50,0.289,0.013798106939071,0.097567349841543,-0.7430073123967665,0.7430073123967665,0.79346068975287,0.2727483089211594,1.069173370970945,0.2785634532840581,4.091676225765211,3.348668913368442,,,,,,,,,,,,,,,0.0,8.240575157105922e-05,8.240575157105922e-05,,,,,,,0.6892146913713746,1.8027895069640412
2,77,GH_P1_c15,1000,50,0.949,0.0069237833234586,0.0489585413948394,0.1602891066863059,0.1602891066863059,0.4316781899574552,0.3913438637299912,1.5340679458215654,0.4010165535721559,4.076440837918264,4.236729944604571,21.180296687848568,17.151889040146354,3.4146002849497545,199.52623149688813,1.3999999999999997,4456.53,18.86496797550541,12.704816455217866,12.704816455217866,15.0,0.3821157885682916,0.7816846667388138,16.621833355379216,0.0,7.5665455064922575,0.0023742141593247,0.3807014894839376,0.9763881440880096,0.311251051193694,0.00021,0.4819103871190223,,,1.0,1.0
2,77,LO_GH_P1_c15w,1000,50,0.94,0.0083299312783504,0.0589015089373951,0.1665344688716687,0.1665344688716687,0.4858660120250848,0.4382604741282149,1.7179810585826023,0.4566624496405444,4.076440837918264,4.242975306789933,21.173118813505745,,,,,4456.53,18.86496797550541,12.704816455217866,12.704816455217866,15.0,0.3821157885682916,0.7816846667388138,16.621833355379216,,7.5665455064922575,0.0023034195322543,0.3806306948568672,0.9763881440880096,0.311251051193694,0.00021,0.4819103871190223,,,1.11988589766312,1.125528283170781
2,77,PPI_global,1000,50,0.286,0.0145012314747994,0.1025391911138649,-0.7239146350566805,0.7239146350566805,0.7736204362084025,0.2717120376563042,1.0651111876127124,0.2729664652685257,4.076440837918264,3.3525262028615845,,,,,,,,,,,,,,,0.0,8.196544460952281e-05,8.196544460952281e-05,,,,,,,0.6943050928831548,1.792123054177576
2,78,GH_P1_c15,1000,50,0.952,0.006220440302022,0.043985155195259,0.1771062392513188,0.1771062392513188,0.4442429449910529,0.3944803718330847,1.546363057585692,0.4076166403841928,4.061887111484032,4.238993350735351,21.174038342281992,17.20211598807872,3.3725752297304967,199.52623149688813,1.3999999999999997,4475.44,20.05325965731233,12.895348163334551,12.895348163334551,15.0,0.3821157885682916,0.793043905171293,16.286509779490277,0.0,7.566927283294499,0.0023773472588509,0.3807237114235758,0.9765907043331356,0.315311626785393,7.400000000000001e-05,0.4772142773184167,,,1.0,1.0
2,78,LO_GH_P1_c15w,1000,50,0.947,0.0070580681868774,0.0499080787701812,0.1657366275042884,0.1657366275042884,0.4850518885466672,0.4398888018144687,1.7243641031127173,0.4560863071895483,4.061887111484032,4.22762373898832,21.16474456336493,,,,,4475.44,20.05325965731233,12.895348163334551,12.895348163334551,15.0,0.3821157885682916,0.793043905171293,16.286509779490277,,7.566927283294499,0.0023063856363296,0.3806527498010546,0.9765907043331356,0.315311626785393,7.400000000000001e-05,0.4772142773184167,,,1.1151094787565186,1.0918617707174534
2,78,PPI_global,1000,50,0.316,0.0132048228666186,0.0933721979335325,-0.7050554928573292,0.7050554928573292,0.7602220084100768,0.2727328613698755,1.0691128165699124,0.2844559179064335,4.061887111484032,3.356831618626702,,,,,,,,,,,,,,,0.0,8.232504688203335e-05,8.232504688203335e-05,,,,,,,0.6913724505544633,1.7112753662872189
2,79,GH_P1_c15,1000,50,0.955,0.0059333027592271,0.041954786158824,0.1733612915159505,0.1733612915159505,0.428255230344667,0.3916290874719702,1.5351860228901233,0.3917931939535368,4.047965960444721,4.221327251960671,20.68743644611601,16.774674389705773,3.3126707583197,199.52623149688813,1.3999999999999997,4488.92,21.096916695910373,13.070387574394156,13.070387574394156,15.0,0.3821157885682916,0.8025003531183892,16.01497797150719,0.0,7.567117769531905,0.002376940106973,0.3807328285835683,0.9768535197186308,0.3184218592541166,0.000244,0.4735876194894415,,,1.0,1.0
2,79,LO_GH_P1_c15w,1000,50,0.952,0.007948815853282,0.0562066159225885,0.1872557035913843,0.1872557035913843,0.4703026228338421,0.4387786811775299,1.7200124302159172,0.4316319782888756,4.047965960444721,4.235221664036104,20.680623499344883,,,,,4488.92,21.096916695910373,13.070387574394156,13.070387574394156,15.0,0.3821157885682916,0.8025003531183892,16.01497797150719,,7.567117769531905,0.0023059333823621,0.3806618218589574,0.9768535197186308,0.3184218592541166,0.000244,0.4735876194894415,,,1.1203934927559085,1.098183021501768
2,79,PPI_global,1000,50,0.315,0.0143747227124986,0.1016446390768407,-0.6955648183707093,0.6955648183707093,0.7463020171483961,0.2724332483706778,1.0679383336130568,0.2706095226677092,4.047965960444721,3.352401142074012,,,,,,,,,,,,,,,0.0,8.237514086067677e-05,8.237514086067677e-05,,,,,,,0.6956409957423717,1.7426570985432206
2,80,GH_P1_c15,1000,50,0.956,0.0069458547320818,0.0491146098219173,0.2046588413012656,0.2046588413012656,0.4574339190689618,0.3973850074330739,1.5577492291376498,0.4093019387555865,4.034632708558938,4.239291549860203,21.015343950810223,17.211158176519195,3.285955040584104,199.52623149688813,1.3999999999999997,4509.94,22.505733371104128,13.277515923896114,13.277515923896114,15.0,0.3821157885682916,0.8133850051549867,15.709586045742356,0.0,7.605748466663062,0.0023720120172947,0.3826594353504479,0.9772488162062292,0.3222557498599407,0.0,0.4688521042721669,,,1.0,1.0
2,80,LO_GH_P1_c15w,1000,50,0.948,0.0058832172234211,0.0416006279387458,0.2019057040781193,0.2019057040781193,0.5005078595969663,0.4427657436832836,1.7356417152384718,0.4582053648042445,4.034632708558938,4.236538412637057,21.0054716744471,,,,,4509.94,22.505733371104128,13.277515923896114,13.277515923896114,15.0,0.3821157885682916,0.8133850051549867,15.709586045742356,,7.605748466663062,0.002301025792025,0.3825884491251781,0.9772488162062292,0.3222557498599407,0.0,0.4688521042721669,,,1.1141984106127922,1.094164290692905
2,80,PPI_global,1000,50,0.358,0.0179204591777905,0.1267167820659239,-0.6690494974299414,0.6690494974299414,0.7246509482329724,0.2751066547535831,1.078418086634046,0.2785127216121175,4.034632708558938,3.3655832111289965,,,,,,,,,,,,,,,0.0,8.287353068590164e-05,8.287353068590164e-05,,,,,,,0.6922924861474941,1.5841653144303134
2,81,GH_P1_c15,1000,50,0.959,0.0060084973842323,0.042486492451323,0.1966186097612272,0.1966186097612272,0.4374841510042931,0.3936747656604034,1.5432050813887812,0.3910068938862536,4.021846654744075,4.218465264505303,20.317633446925203,16.586317719113723,3.226717239972113,199.52623149688813,1.3999999999999997,4519.11,23.592064942758203,13.468292149132042,13.468292149132042,15.0,0.3821157885682916,0.8213441776814242,15.40801049672822,0.0,7.60336374450475,0.0023643931699916,0.3825325803952291,0.977500752270218,0.3252339844787942,0.0,0.4660655880705993,,,1.0,1.0
2,81,LO_GH_P1_c15w,1000,50,0.955,0.0057587555344989,0.0407205508963977,0.1889114021390095,0.1889114021390095,0.4709048063594768,0.4378433728547831,1.7163460215907496,0.4315669923235476,4.021846654744075,4.210758056883085,20.30903294317798,,,,,4519.11,23.592064942758203,13.468292149132042,13.468292149132042,15.0,0.3821157885682916,0.8213441776814242,15.40801049672822,,7.60336374450475,0.0022932864027097,0.3824614736279472,0.977500752270218,0.3252339844787942,0.0,0.4660655880705993,,,1.1121956778720254,1.0763928368112603
2,81,PPI_global,1000,50,0.334,0.0158719364712356,0.1122315390937277,-0.6689407225936481,0.6689407225936481,0.7177179354012706,0.2727150882576187,1.0690431459698653,0.2602019398506711,4.021846654744075,3.3529059321504278,,,,,,,,,,,,,,,0.0,8.197562023997307e-05,8.197562023997307e-05,,,,,,,0.6927421111183732,1.6405575693511865
2,82,GH_P1_c15,1000,50,0.943,0.0062286369590261,0.0440431143127657,0.1954670349888211,0.1954670349888211,0.4519969968767543,0.3933368340213148,1.5418803893635542,0.4077501485001391,4.009570685579964,4.205037720568785,20.39493460747733,16.628188037567817,3.165603571252167,199.52623149688813,1.3999999999999997,4538.25,24.99826829387206,13.620053209871458,13.620053209871458,15.0,0.3821157885682916,0.8292560091019171,15.09128360418089,0.0,7.603587837461382,0.0023662081994116,0.3825456000724807,0.9781332875125718,0.3274650456014992,0.0,0.4622618624306761,,,1.0,1.0
2,82,LO_GH_P1_c15w,1000,50,0.949,0.0063067828727554,0.0445956893679656,0.1945117195054543,0.1945117195054543,0.4926317562804546,0.4381459066227934,1.71753195396135,0.4528314195874247,4.009570685579964,4.204082405085418,20.386841359328333,,,,,4538.25,24.99826829387206,13.620053209871458,13.620053209871458,15.0,0.3821157885682916,0.8292560091019171,15.09128360418089,,7.603587837461382,0.0022961295358836,0.3824755214089527,0.9781332875125718,0.3274650456014992,0.0,0.4622618624306761,,,1.1139203571233565,1.0899005074911596
2,82,PPI_global,1000,50,0.341,0.0144765820749038,0.1023648935356816,-0.6616546077262822,0.6616546077262822,0.7183114219889564,0.2728553335736789,1.0695929076088215,0.2797547886563379,4.009570685579964,3.3479160778536814,,,,,,,,,,,,,,,0.0,8.21324810385704e-05,8.21324810385704e-05,,,,,,,0.6936938266983991,1.5891951206587724
2,83,GH_P1_c15,1000,50,0.952,0.0076877851697564,0.0543608502584012,0.1933070023502449,0.1933070023502449,0.4397617993599384,0.3889089582407389,1.5245231163036967,0.3951949165167662,3.9977709352061983,4.191077937556443,19.6140546544504,16.03792010854529,3.1249479284000765,199.52623149688813,1.3999999999999997,4552.04,26.26767409653244,13.80370360058719,13.80370360058719,15.0,0.3821157885682916,0.8368175491477766,14.71119534820173,0.0,7.603542992454022,0.0023666727188974,0.3825438223415985,0.9784656145715676,0.3297524718334755,0.0,0.4591470255750894,,,1.0,1.0
2,83,LO_GH_P1_c15w,1000,50,0.947,0.006762743073454,0.0478198148666172,0.1973013917878513,0.1973013917878513,0.4801571850779926,0.4339847128354449,1.7012200743149442,0.437966777368646,3.9977709352061983,4.195072326994051,19.60752916885448,,,,,4552.04,26.26767409653244,13.80370360058719,13.80370360058719,15.0,0.3821157885682916,0.8368175491477766,14.71119534820173,,7.603542992454022,0.0022963950848206,0.3824735447075218,0.9784656145715676,0.3297524718334755,0.0,0.4591470255750894,,,1.1159031018431915,1.0918574232160425
2,83,PPI_global,1000,50,0.359,0.0168843605935511,0.119390458716989,-0.6542615358555548,0.6542615358555548,0.7070715245529735,0.2709788223939309,1.0622369837842094,0.2682609689855718,3.9977709352061983,3.343509399350644,,,,,,,,,,,,,,,0.0,8.186286501586437e-05,8.186286501586437e-05,,,,,,,0.6967667281816431,1.6078511721165805
2,84,GH_P1_c15,1000,50,0.949,0.0061428571428571,0.043436559415745,0.1955384965621719,0.1955384965621719,0.4569663541635777,0.3916088729581284,1.5351067819958637,0.4132235459151094,3.9864164836011406,4.181954980163314,19.92331383449006,16.27370884115323,3.08970890408631,199.52623149688813,1.3999999999999997,4566.24,27.703282845007443,14.012265255639798,14.012265255639798,15.0,0.3821157885682916,0.8448161313142885,14.17092491976216,0.0,7.603353671319783,0.0023665418121963,0.3825342253781855,0.9789349373462805,0.3322644293654386,0.0,0.4558829365507481,,,1.0,1.0
2,84,LO_GH_P1_c15w,1000,50,0.943,0.0069999999999999,0.0494974746830583,0.1974714109862911,0.1974714109862911,0.4975142003281423,0.4358867711080029,1.7086761427433717,0.4568743323133408,3.9864164836011406,4.183887894587433,19.915373285332453,,,,,4566.24,27.703282845007443,14.012265255639798,14.012265255639798,15.0,0.3821157885682916,0.8448161313142885,14.17092491976216,,7.603353671319783,0.0022968246554955,0.3824645082214847,0.9789349373462805,0.3322644293654386,0.0,0.4558829365507481,,,1.1130666366556226,1.0887326731938125
2,84,PPI_global,1000,50,0.353,0.0148055422606756,0.1046909933166777,-0.6481794646367288,0.6481794646367288,0.7052449939536838,0.2709233516683301,1.062019538539854,0.2780489063353591,3.9864164836011406,3.3382370189644126,,,,,,,,,,,,,,,0.0,8.155541401356459e-05,8.155541401356459e-05,,,,,,,0.691821279793366,1.5433193002678511
2,85,GH_P1_c15,1000,50,0.958,0.0069045976991968,0.0488228785446716,0.2282814693400451,0.2282814693400451,0.4617752795224898,0.3933945555387298,1.5421066577118208,0.4016033675142957,3.975479086161771,4.203760555501818,19.86335376537391,16.21361098141957,3.0549920708729394,199.52623149688813,1.3999999999999997,4578.46,29.055651328115008,14.18414400505732,14.18414400505732,15.0,0.3821157885682916,0.8511092874035112,13.68653998701642,0.0,7.604207279179246,0.002369733178988,0.3825800971379504,0.9793503198831058,0.3340127181274596,0.0,0.453237566677949,,,1.0,1.0
2,85,LO_GH_P1_c15w,1000,50,0.953,0.006762743073454,0.0478198148666172,0.2272336015941514,0.2272336015941514,0.5048209320409093,0.4379998030653479,1.7169592280161636,0.4510127228908429,3.975479086161771,4.202712687755924,19.856283861285917,,,,,4578.46,29.055651328115008,14.18414400505732,14.18414400505732,15.0,0.3821157885682916,0.8511092874035112,13.68653998701642,,7.604207279179246,0.0023001509103924,0.3825105148693547,0.9793503198831058,0.3340127181274596,0.0,0.453237566677949,,,1.1133855232580276,1.0932177499040916
2,85,PPI_global,1000,50,0.396,0.015897631706564,0.1124132318451771,-0.6155609469127785,0.6155609469127785,0.6759963238754437,0.2747662840981997,1.077083833664943,0.2795243896574514,3.975479086161771,3.3599181392489945,,,,,,,,,,,,,,,0.0,8.219428732991219e-05,8.219428732991219e-05,,,,,,,0.6984496359435481,1.4639075625149849
2,86,GH_P1_c15,1000,50,0.936,0.0079590790155337,0.0562791874388348,0.1977422582847056,0.1977422582847056,0.4627504677451442,0.3878306715479563,1.5202962324679887,0.4185823764717133,3.9649329281602506,4.162675186444955,19.27352758344819,15.790584897622606,3.0116605108213275,199.52623149688813,1.3999999999999997,4591.62,30.48362098345111,14.352147620003011,14.352147620003011,15.0,0.3821157885682916,0.8572619655186825,13.088430351202032,0.0,7.603864580523223,0.0023696218347176,0.3825628508608788,0.97985123721593,0.3355311254835826,0.0,0.4505326517049902,,,1.0,1.0
2,86,LO_GH_P1_c15w,1000,50,0.939,0.0078623359461811,0.0555951106351144,0.1945092271834573,0.1945092271834573,0.4936242291806796,0.43233137448753,1.6947389879911174,0.4539130723519277,3.9649329281602506,4.159442155343707,19.267463610088186,,,,,4591.62,30.48362098345111,14.352147620003011,14.352147620003011,15.0,0.3821157885682916,0.8572619655186825,13.088430351202032,,7.603864580523223,0.0022985419379547,0.3824917709641158,0.97985123721593,0.3355311254835826,0.0,0.4505326517049902,,,1.114742608576978,1.066717947549518
2,86,PPI_global,1000,50,0.385,0.0193385519581155,0.1367442122791189,-0.6272673577894076,0.6272673577894076,0.6891803077507451,0.2718480114726406,1.0656442049727517,0.2856339356387742,3.9649329281602506,3.3376655703708416,,,,,,,,,,,,,,,0.0,8.200411219149828e-05,8.200411219149828e-05,,,,,,,0.7009451067591129,1.4893130440449498
2,87,GH_P1_c15,1000,50,0.944,0.0079076300017703,0.0559153879736597,0.2100495548727036,0.2100495548727036,0.440207345451418,0.3871460788499196,1.5176126290916847,0.387054909528549,3.954754399430359,4.164803954303062,19.044011566278133,15.520242867236096,2.961420375369694,199.52623149688813,1.3999999999999997,4607.41,32.12757013498313,14.519313112847083,14.519313112847083,15.0,0.3821157885682916,0.8633068109993322,12.495981646990812,0.0,7.6033556971699,0.0023661722010001,0.3825339570594951,0.9802868748942328,0.3370327696295149,0.0,0.4476079693646497,,,1.0,1.0
2,87,LO_GH_P1_c15w,1000,50,0.94,0.0075592894601845,0.0534522483824848,0.2168990601089556,0.2168990601089556,0.4865852414605551,0.4323264532930564,1.694719696908781,0.4357865358589161,3.954754399430359,4.171653459539316,19.038313437395605,,,,,4607.41,32.12757013498313,14.519313112847083,14.519313112847083,15.0,0.3821157885682916,0.8633068109993322,12.495981646990812,,7.6033556971699,0.0022966969460248,0.3824644818045199,0.9802868748942328,0.3370327696295149,0.0,0.4476079693646497,,,1.1167011030496614,1.1053546618164178
2,87,PPI_global,1000,50,0.398,0.0177258027077098,0.1253403529659648,-0.6034306233229756,0.6034306233229756,0.6618484931181311,0.2727396041982001,1.0691392484569442,0.2720090064287657,3.954754399430359,3.3513237761073844,,,,,,,,,,,,,,,0.0,8.165503479540349e-05,8.165503479540349e-05,,,,,,,0.7044875800070542,1.503492615370667
2,88,GH_P1_c15,1000,50,0.943,0.0071442855714571,0.0505177277431054,0.212722645571139,0.212722645571139,0.4476362997752078,0.3862681610075223,1.5141711911494882,0.3940591523530554,3.9449218867425615,4.157644532313701,18.78290724688165,15.30397201132902,2.9389682815054794,199.52623149688813,1.3999999999999997,4617.15,33.65719901371458,14.737469226616197,14.737469226616197,15.0,0.3821157885682916,0.8695482788998468,11.726043893411871,0.0,7.603226922079921,0.0023701704535633,0.3825315165575594,0.9807144209639952,0.3387185113455083,0.0,0.4452607887115709,,,1.0,1.0
2,88,LO_GH_P1_c15w,1000,50,0.95,0.0074230748895809,0.0524890659167823,0.2082964009443602,0.2082964009443602,0.474824285136729,0.4296047674290564,1.6840506883219013,0.4269109556726149,3.9449218867425615,4.153218287686922,18.77751411805366,,,,,4617.15,33.65719901371458,14.737469226616197,14.737469226616197,15.0,0.3821157885682916,0.8695482788998468,11.726043893411871,,7.603226922079921,0.0023006690926849,0.382462015196681,0.9807144209639952,0.3387185113455083,0.0,0.4452607887115709,,,1.112193058595606,1.060736775313294
2,88,PPI_global,1000,50,0.398,0.016534441481406,0.1169161569463435,-0.6019219355590153,0.6019219355590153,0.6647743004872999,0.2722647873236846,1.0672779663088436,0.2823022292329578,3.9449218867425615,3.342999951183547,,,,,,,,,,,,,,,0.0,8.187843579798937e-05,8.187843579798937e-05,,,,,,,0.7048595116240561,1.4850768376495238
2,89,GH_P1_c15,1000,50,0.936,0.0078298226320255,0.0553652067859317,0.227516491833172,0.227516491833172,0.4697285237162578,0.3855165031010951,1.5112246921562933,0.4111571258274625,3.935415582995148,4.162932074828319,19.13320057767607,15.637436784287395,3.0311475176257927,192.5499564142561,1.3999999999999997,4626.66,34.379230322587176,14.514980887853692,14.514980887853692,15.0,0.3821157885682916,0.8742735731477942,10.969593759875838,0.0,7.604030419010669,0.0023733552535995,0.382574876204133,0.9803874056268924,0.3477447765410592,0.00652,0.427809731441775,,,1.0,1.0
2,89,LO_GH_P1_c15w,1000,50,0.927,0.0082325883052708,0.0582131901737405,0.2266768950106678,0.2266768950106678,0.5091646194311497,0.4296254477784579,1.6841317552915551,0.4561515857892068,3.935415582995148,4.162092478005815,19.12635543460529,,,,,4626.66,34.379230322587176,14.514980887853692,14.514980887853692,15.0,0.3821157885682916,0.8742735731477942,10.969593759875838,,7.604030419010669,0.0023038156498223,0.3825053366003558,0.9803874056268924,0.3477447765410592,0.00652,0.427809731441775,,,1.1144151918855625,1.0839550798467446
2,89,PPI_global,1000,50,0.415,0.0185851597589395,0.131416924949815,-0.586579172854505,0.586579172854505,0.6501245933675237,0.2714837504058358,1.0642163015908768,0.2804737534975668,3.935415582995148,3.348836410140642,,,,,,,,,,,,,,,0.0,8.222685754299164e-05,8.222685754299164e-05,,,,,,,0.7042078567895804,1.384043251672396
2,90,GH_P1_c15,1000,50,0.937,0.0084285714285714,0.0595990001285804,0.2982641432631144,0.2982641432631144,0.5166089188366068,0.3952241945964146,1.5492788428179454,0.422020588647391,3.926217313455636,4.22448145671875,21.436807443090483,17.638909649800695,3.4362096219759715,169.15891643131332,1.3999999999999997,4639.91,33.66843014849234,13.404101388268048,13.404101388268048,15.0,0.3821157885682916,0.8793327575321673,10.065273533246156,0.0,7.565046018864959,0.0023634496033191,0.3806157505465671,0.9784310355973388,0.3768076919606975,0.025142,0.3737786064486544,,,1.0,1.0
2,90,LO_GH_P1_c15w,1000,50,0.931,0.008192829119394,0.0579320502742617,0.2903190340830595,0.2903190340830595,0.5512918278277922,0.4392506700200056,1.721862626478422,0.4688895341912222,3.926217313455636,4.216536347538694,21.42715597758434,,,,,4639.91,33.66843014849234,13.404101388268048,13.404101388268048,15.0,0.3821157885682916,0.8793327575321673,10.065273533246156,,7.565046018864959,0.0022918177982792,0.3805441187415272,0.9784310355973388,0.3768076919606975,0.025142,0.3737786064486544,,,1.1113962050540678,1.0671357147090892
2,90,PPI_global,1000,50,0.443,0.0174969385077177,0.1237220386881127,-0.5556324913371488,0.5556324913371488,0.6244755496155611,0.2747283975151027,1.0769353182592023,0.2851728777572276,3.926217313455636,3.370584822118486,,,,,,,,,,,,,,,0.0,8.274871204048395e-05,8.274871204048395e-05,,,,,,,0.6951203931116694,1.208797461379234
2,91,GH_P1_c15,1000,50,0.947,0.0077472839216892,0.05478156996804,0.2866606081234231,0.2866606081234231,0.4896365501660184,0.3931259384777445,1.541053678832759,0.3971490581421191,3.917310378326564,4.203970986449988,21.617065358073557,17.699336190721418,3.5245387035431968,160.13079573614243,1.3999999999999997,4644.84,33.82096705184293,13.031837073615428,13.031837073615428,15.0,0.3821157885682916,0.8823127820883708,9.64818184424613,0.0,7.562969435174018,0.0023618194228038,0.3805102911815047,0.9776376019983928,0.3887676013235402,0.0303939999999999,0.3529054757973747,,,1.0,1.0
2,91,LO_GH_P1_c15w,1000,50,0.944,0.0069458547320818,0.0491146098219173,0.2943930136215248,0.2943930136215248,0.5163967559041631,0.4380708521030442,1.7172377402439334,0.4244744298314813,3.917310378326564,4.211703391948089,21.610797032699693,,,,,4644.84,33.82096705184293,13.031837073615428,13.031837073615428,15.0,0.3821157885682916,0.8823127820883708,9.64818184424613,,7.562969435174018,0.0022919561844319,0.3804404279431328,0.9776376019983928,0.3887676013235402,0.0303939999999999,0.3529054757973747,,,1.1143270113372183,1.0546532029299511
2,91,PPI_global,1000,50,0.437,0.0172502587972305,0.1219777497274459,-0.5622765738769141,0.5622765738769141,0.624270105729438,0.2717763209017562,1.0653631779348844,0.2713518955671966,3.917310378326564,3.35503380444965,,,,,,,,,,,,,,,0.0,8.176087401807309e-05,8.176087401807309e-05,,,,,,,0.6913212645141753,1.274966310251492
2,92,GH_P1_c15,1000,50,0.947,0.0064539182846151,0.0456360938427522,0.2864567161465801,0.2864567161465801,0.493237940685776,0.3918730582061518,1.5361423881681155,0.4017307599748527,3.908679409521226,4.195136125667807,21.520932172761345,17.612054848080728,3.493376182717377,158.4893192461114,1.3999999999999997,4657.85,35.41847391378471,13.114671558407991,13.114671558407991,15.0,0.3821157885682916,0.8873478131690611,8.973472715281925,0.0,7.562466532792896,0.0023618221208453,0.38048514876049,0.9782147870950948,0.3920197956788765,0.026286,0.3473783117330901,,,1.0,1.0
2,92,LO_GH_P1_c15w,1000,50,0.939,0.0075983349411269,0.0537283416259756,0.2805311762369605,0.2805311762369605,0.5254205265403772,0.4347478785375267,1.7042116838671044,0.4444845952611847,3.908679409521226,4.189210585758186,21.510810137516287,,,,,4657.85,35.41847391378471,13.114671558407991,13.114671558407991,15.0,0.3821157885682916,0.8873478131690611,8.973472715281925,,7.562466532792896,0.0022912685014307,0.3804145951410755,0.9782147870950948,0.3920197956788765,0.026286,0.3473783117330901,,,1.1094099720139976,1.0652475878271974
2,92,PPI_global,1000,50,0.439,0.0156028516493568,0.1103288220710791,-0.5716961960046437,0.5716961960046437,0.6343135156703364,0.270632812109051,1.06088062346748,0.2749412452219681,3.908679409521226,3.3369832135165827,,,,,,,,,,,,,,,0.0,8.201835304498672e-05,8.201835304498672e-05,,,,,,,0.6906134689327882,1.2860193090345304
2,93,GH_P1_c15,1000,50,0.937,0.0075335982133915,0.0532705838342402,0.3299210205127943,0.3299210205127943,0.5451929099483235,0.4043626869929253,1.585101733012267,0.4342533883425713,3.90031024048592,4.230231260998713,22.645639673196165,18.743102522922023,3.5049868362906342,158.4893192461114,1.3999999999999997,4666.98,36.94993384842304,13.273440471225218,13.273440471225218,15.0,0.3821157885682916,0.8914885134498461,8.406544723892878,0.0,7.563649720773101,0.0023676718976348,0.3805501579362899,0.9787237694259844,0.3927647429640416,0.02528,0.3459669790028803,,,1.0,1.0
2,93,LO_GH_P1_c15w,1000,50,0.936,0.0085761891541735,0.060642815076546,0.3279573971551493,0.3279573971551493,0.5704790474964571,0.447022291916485,1.7523273843126213,0.4670207679336819,3.90031024048592,4.228267637641069,22.639036203118064,,,,,4666.98,36.94993384842304,13.273440471225218,13.273440471225218,15.0,0.3821157885682916,0.8914885134498461,8.406544723892878,,7.563649720773101,0.0022956838924437,0.3804781699310988,0.9787237694259844,0.3927647429640416,0.02528,0.3459669790028803,,,1.1054983713774416,1.0463801657848602
2,93,PPI_global,1000,50,0.491,0.0174782663876703,0.1235900068610661,-0.5312501482284107,0.5312501482284107,0.6081884696919073,0.2779976642628422,1.0897508439103416,0.2962334365367928,3.90031024048592,3.369060092257508,,,,,,,,,,,,,,,0.0,8.198523428291083e-05,8.198523428291083e-05,,,,,,,0.6874958377841279,1.1155472835286044
2,94,GH_P1_c15,1000,50,0.932,0.0068153488239294,0.0481917936955228,0.3479426736073507,0.3479426736073507,0.5336179015555478,0.4006793672415409,1.5706631195868406,0.4047811860154409,3.892189787735296,4.240132461342646,21.992214029530825,18.047367778995604,3.4339084272521307,158.4893192461114,1.3999999999999997,4686.7,39.96339140383544,13.737854683200734,13.737854683200734,15.0,0.3821157885682916,0.9025444591642396,5.996837727016876,0.0,7.562395757529885,0.0023636268991976,0.380483414775692,0.9809894016961792,0.392430812248301,0.022272,0.3426037912623506,,,1.0,1.0
2,94,LO_GH_P1_c15w,1000,50,0.927,0.0075875838427939,0.0536523198806111,0.3482200047293814,0.3482200047293814,0.5718973155255954,0.4453973376722673,1.745957563675288,0.453889175013953,3.892189787735296,4.240409792464676,21.981795514750065,,,,,4686.7,39.96339140383544,13.737854683200734,13.737854683200734,15.0,0.3821157885682916,0.9025444591642396,5.996837727016876,,7.562395757529885,0.0022936221826821,0.3804134100591764,0.9809894016961792,0.392430812248301,0.022272,0.3426037912623506,,,1.111605373489993,1.0717356255449066
2,94,PPI_global,1000,50,0.488,0.0160076512318073,0.1131911873688017,-0.536473424910113,0.536473424910113,0.6034742942893505,0.2743081173181488,1.0752878198871436,0.276503059974783,3.892189787735296,3.3557163628251816,,,,,,,,,,,,,,,0.0,8.149654045701027e-05,8.149654045701027e-05,,,,,,,0.6846075434495436,1.1309108868539917
2,95,GH_P1_c15,1000,50,0.939,0.008486483851588,0.0600085027988806,0.3003834755165817,0.3003834755165817,0.5178139679709656,0.394700196862441,1.5472247717007688,0.4219942561393815,3.8843059438609866,4.184689419377567,21.49232349150903,17.719942388219575,3.384826320180959,158.4893192461114,1.3999999999999997,4685.67,40.24749574864771,13.595223229040766,13.595223229040766,15.0,0.3821157885682916,0.89945708451685,7.428493851736387,0.0,7.563180008102209,0.0023697528531774,0.3805287532582879,0.9797455579296944,0.3942515927683254,0.021572,0.343147866423478,,,1.0,1.0
2,95,LO_GH_P1_c15w,1000,50,0.933,0.0084043234743329,0.0594275411998614,0.3021151546843508,0.3021151546843508,0.5538931743051825,0.4377069331916742,1.7158111781113627,0.4644780098923906,3.8843059438609866,4.1864210985453365,21.48437770224172,,,,,4685.67,40.24749574864771,13.595223229040766,13.595223229040766,15.0,0.3821157885682916,0.89945708451685,7.428493851736387,,7.563180008102209,0.0022976030539721,0.3804566034590825,0.9797455579296944,0.3942515927683254,0.021572,0.343147866423478,,,1.1089605140081085,1.0696760005829735
2,95,PPI_global,1000,50,0.455,0.0154027561806055,0.1089139334426922,-0.5431594964724858,0.5431594964724858,0.6124504298988508,0.2716735716554142,1.0649604008892235,0.2831138356191051,3.8843059438609866,3.3411464473884998,,,,,,,,,,,,,,,0.0,8.249688893556595e-05,8.249688893556595e-05,,,,,,,0.6883036132614258,1.1827615085369647
2,96,GH_P1_c15,1000,50,0.94,0.0074230748895809,0.0524890659167823,0.3170657828018616,0.3170657828018616,0.5177264994465423,0.39122721486315,1.5336106822635482,0.4094846704099115,3.876647483781392,4.193713266583254,20.94896631519838,17.159153268971735,3.358256304995697,158.4893192461114,1.3999999999999997,4694.72,42.03553602288885,13.757390266321709,13.757390266321709,15.0,0.3821157885682916,0.9032260604742456,6.9741774388786,0.0,7.563114200755954,0.0023640972478315,0.3805198072856292,0.9802781707944777,0.3947731960887496,0.017768,0.3418090248426763,,,1.0,1.0
2,96,LO_GH_P1_c15w,1000,50,0.931,0.0083164454730445,0.0588061498935793,0.309714173192013,0.309714173192013,0.55253647973034,0.4362925552332909,1.7102668165145003,0.4578026601412628,3.876647483781392,4.186361656973406,20.938467728760028,,,,,4694.72,42.03553602288885,13.757390266321709,13.757390266321709,15.0,0.3821157885682916,0.9032260604742456,6.9741774388786,,7.563114200755954,0.0022941601797938,0.3804498702175915,0.9802781707944777,0.3947731960887496,0.017768,0.3418090248426763,,,1.1151896868573026,1.067236234423021
2,96,PPI_global,1000,50,0.482,0.01978249071213,0.1398833333130702,-0.5259755294316735,0.5259755294316735,0.5953446679479426,0.2714800277224547,1.0642017086720226,0.2790392068725987,3.876647483781392,3.3506719543497203,,,,,,,,,,,,,,,0.0,8.180880639702081e-05,8.180880639702081e-05,,,,,,,0.6939190767120266,1.1499211815203112
2,97,GH_P1_c15,1000,50,0.922,0.0097058787151217,0.0686309265683674,0.3236684197696642,0.3236684197696642,0.532503882512459,0.3931481379948343,1.5411407009397509,0.4230580539969696,3.869203985162173,4.192872404931839,21.10997776023782,17.323461685668313,3.3214845077953377,158.4893192461114,1.3999999999999997,4702.07,43.69506375199546,13.881126859172332,13.881126859172332,15.0,0.3821157885682916,0.906093525140817,6.635519093363367,0.0,7.563921372964979,0.0023669160995632,0.3805629847478122,0.9807807269413942,0.3949770408735222,0.016072,0.3407543758258047,,,1.0,1.0
2,97,LO_GH_P1_c15w,1000,50,0.93,0.0083299312783504,0.0589015089373951,0.3246003746291129,0.3246003746291129,0.5633389023986466,0.4377696522455755,1.716057036802656,0.4606490130887191,3.869203985162173,4.193804359791288,21.101810123397893,,,,,4702.07,43.69506375199546,13.881126859172332,13.881126859172332,15.0,0.3821157885682916,0.906093525140817,6.635519093363367,,7.563921372964979,0.0022965669799596,0.3804926356282085,0.9807807269413942,0.3949770408735222,0.016072,0.3407543758258047,,,1.1134979666400642,1.0579057184347689
2,97,PPI_global,1000,50,0.512,0.0141103522569894,0.0997752576584812,-0.5094012239497954,0.5094012239497954,0.5875316628909505,0.2749653566964943,1.0778641982502577,0.2928986814163412,3.869203985162173,3.359802761212378,,,,,,,,,,,,,,,0.0,8.230043947696686e-05,8.230043947696686e-05,,,,,,,0.6993937656652646,1.1033378012548185
2,98,GH_P1_c15,1000,50,0.935,0.006738557951469,0.0476488002290226,0.3150076280667969,0.3150076280667969,0.5085673366906749,0.3908028323035848,1.5319471026300526,0.3994627651096982,3.8619657565991545,4.176973384665953,20.70966406937672,16.980286697670554,3.2901363641182315,158.4893192461114,1.3999999999999997,4712.66,45.727668662278205,14.05552548045434,14.05552548045434,15.0,0.3821157885682916,0.9100138754412082,6.245824896648114,0.0,7.5631828224845234,0.0023627946712076,0.3805219357954338,0.9813471666214532,0.3953499091136468,0.0132839999999999,0.3392686199450606,,,1.0,1.0
2,98,LO_GH_P1_c15w,1000,50,0.952,0.0069927075717259,0.0494459094282193,0.3120375402032331,0.3120375402032331,0.5387740754656846,0.4343495723533636,1.702650323625185,0.4394350703788873,3.8619657565991545,4.17400329680239,20.70297159478656,,,,,4712.66,45.727668662278205,14.05552548045434,14.05552548045434,15.0,0.3821157885682916,0.9100138754412082,6.245824896648114,,7.5631828224845234,0.0022919898666441,0.3804511309908703,0.9813471666214532,0.3953499091136468,0.0132839999999999,0.3392686199450606,,,1.1114289264309902,1.059395750760498
2,98,PPI_global,1000,50,0.494,0.0142599768153917,0.1008332630572645,-0.5095263139150756,0.5095263139150756,0.5786665181872986,0.273737065493923,1.0730492967361789,0.2744324832941865,3.8619657565991545,3.352439442684081,,,,,,,,,,,,,,,0.0,8.170298207551241e-05,8.170298207551241e-05,,,,,,,0.7004480082203647,1.1378365782450164
2,99,GH_P1_c15,1000,50,0.935,0.0077261813045656,0.0546323519313512,0.310995139559139,0.310995139559139,0.5089890341653706,0.3873185131375072,1.5182885714990282,0.403130716326149,3.8549237712979982,4.165918910857138,20.30413026480783,16.586770583916255,3.2331602080145,158.4893192461114,1.3999999999999997,4720.42,47.56762269034553,14.181881424544438,14.181881424544438,15.0,0.3821157885682916,0.9127973221236908,5.952964017459308,0.0,7.562868521027267,0.0023643297934904,0.3805077558448538,0.9818740633659706,0.3954665329247143,0.007974,0.3381983974253991,,,1.0,1.0
2,99,LO_GH_P1_c15w,1000,50,0.935,0.0077261813045656,0.0546323519313512,0.3172822432144824,0.3172822432144824,0.5436386492662926,0.4328232451118209,1.696667120838338,0.4416673285924725,3.8549237712979982,4.172206014512482,20.29726052003689,,,,,4720.42,47.56762269034553,14.181881424544438,14.181881424544438,15.0,0.3821157885682916,0.9127973221236908,5.952964017459308,,7.562868521027267,0.0022936866031959,0.3804371126545592,0.9818740633659706,0.3954665329247143,0.007974,0.3381983974253991,,,1.117486591605701,1.0680753666093017
2,99,PPI_global,1000,50,0.501,0.0121630084892761,0.0860054578239672,-0.5074477683717371,0.5074477683717371,0.5792993546876618,0.2724246660201879,1.067904690799137,0.2795758705315403,3.8549237712979982,3.3474760029262627,,,,,,,,,,,,,,,0.0,8.193414006382227e-05,8.193414006382227e-05,,,,,,,0.7033608174661944,1.1381372010058814
2,100,GH_P1_c15,1000,50,0.93,0.0086896607575688,0.0614451804788759,0.3219165067067736,0.3219165067067736,0.5073901211493026,0.3886117634844587,1.523358112859078,0.3923881575886658,3.848069606500353,4.169986113207124,20.224224180539228,16.575836038966308,3.2056674371172558,158.4893192461114,1.3999999999999997,4727.4,49.38710199837477,14.340268150917629,14.340268150917629,15.0,0.3821157885682916,0.9158580042404572,5.66411397590429,0.0,7.563235885705799,0.002369092522189,0.380530886807479,0.982228338309844,0.3954381766255204,0.0073599999999999,0.3371525191918065,,,1.0,1.0
2,100,LO_GH_P1_c15w,1000,50,0.924,0.008111468323759,0.0573567425710992,0.3335942813978245,0.3335942813978245,0.5561411357304387,0.4334644520132084,1.699180651891777,0.4452033516209259,3.848069606500353,4.181663887898176,20.21557975557785,,,,,4727.4,49.38710199837477,14.340268150917629,14.340268150917629,15.0,0.3821157885682916,0.9158580042404572,5.66411397590429,,7.563235885705799,0.0022989914324134,0.3804607857177034,0.982228338309844,0.3954381766255204,0.0073599999999999,0.3371525191918065,,,1.1154177324087706,1.0960819151754648
2,100,PPI_global,1000,50,0.519,0.0147696600212346,0.1044372675683487,-0.493861637976163,0.493861637976163,0.5631763261374346,0.2732723958041838,1.0712277915524009,0.2708165402179396,3.848069606500353,3.354207968524189,,,,,,,,,,,,,,,0.0,8.223439659923315e-05,8.223439659923315e-05,,,,,,,0.7032015535348366,1.1099473613356312
