age,sex,x0_raw,theta0_mode,theta0_source,theta0,theta0_obs,theta0_smooth,ell_oracle,c_min,c_max,ell0_hat,ell_low,ell_high,ell_star,lambda_hat,lambda_1,lambda_2,den_u,R,B_inner,B,n_label,n_pilot,N_unlab_total,N_t_full,N_use,age_bin_width,PPCI_theta_mean,PPCI_theta_rmse,PPCI_coverage,PPCI_avg_ci_width,PPCI_sigma2_Y_minus_f_mean,PPCI_sigma2_f_mean,PPCI_sigma2_Y_minus_f_std,PPCI_sigma2_f_std,PPCI_sigma2_Y_minus_A_mean,PPCI_sigma2_A_mean,PPCI_sigma2_Y_minus_A_std,PPCI_sigma2_A_std,LO_theta_mean,LO_theta_rmse,LO_coverage,LO_avg_ci_width,LO_sigma2_Y_mean,LO_sigma2_Y_std,PPI_theta_mean,PPI_theta_rmse,PPI_coverage,PPI_avg_ci_width,scale_y
70,1,"[70.0, 1.0]",smooth,smooth,6.886993353152681,6.580326130653265,6.886993353152681,1.3541287163666167,0.8,1.2,1.4414918593580113,1.1531934874864092,1.7297902312296134,1.1531934874864092,0.006745298825750516,0.006745298825750516,0.006745298825750516,0.47948525969376676,5,200,1000,300,300,10000,10000,10000,1,7.115078782031452,0.6848245009281394,0.942,2.433884505699812,27.66517570054041,4.659718619296869,12.085362398951764,0.20842983418893116,27.66517570054041,4.659718619296869,12.085362398951764,0.20842983418893116,7.135699743409535,0.7632004024710615,0.946,2.76766046071522,35.4077388164856,13.480987378305947,5.277497647037434,1.6640631015303446,0.076,1.6118957912469574,10000.0
71,1,"[71.0, 1.0]",smooth,smooth,6.8526848657641874,7.182903373231774,6.8526848657641874,1.397810287862314,0.8,1.2,1.4851734308537086,1.188138744682967,1.7822081170244501,1.188138744682967,0.006745298825750516,0.006745298825750516,0.006745298825750516,0.4772011889902088,5,200,1000,300,300,10000,10000,10000,1,7.099897836098758,0.6791423390722867,0.954,2.479793018184213,28.48150290431591,4.540930876226868,12.51136534120265,0.24332819932144362,28.48150290431591,4.540930876226868,12.51136534120265,0.24332819932144362,7.085354536947332,0.7539620666352105,0.938,2.7996460620605133,36.42560908524595,13.92311462720246,5.283559804030665,1.6247478649362912,0.091,1.631979505520975,10000.0
72,1,"[72.0, 1.0]",smooth,smooth,6.819842917392508,6.945172684458399,6.819842917392508,1.4414918593580113,0.8,1.2,1.5288550023494059,1.2230840018795248,1.834626002819287,1.2230840018795248,0.006745298825750516,0.006745298825750516,0.006745298825750516,0.4791112454148732,5,200,1000,300,300,10000,10000,10000,1,7.072637247105955,0.6595657891415728,0.952,2.4344524238399936,27.65380129830538,4.528913419369872,12.175925514502232,0.22586231968047196,27.65380129830538,4.528913419369872,12.175925514502232,0.22586231968047196,7.060300238505623,0.7392787787359599,0.959,2.760716143560166,35.24631890225351,13.467585108431512,5.298795957789016,1.5760491992032568,0.102,1.6155851684713363,10000.0
73,1,"[73.0, 1.0]",smooth,smooth,6.788370014178104,6.659566903684551,6.788370014178104,1.4851734308537086,0.8,1.2,1.5725365738451031,1.2580292590760827,1.8870438886141236,1.2580292590760827,0.006745298825750516,0.006745298825750516,0.006745298825750516,0.48055718345674503,5,200,1000,300,300,10000,10000,10000,1,6.981679803327994,0.670598102658791,0.939,2.3850505812949043,26.83356973747008,4.47818412141669,12.603551623842321,0.18421376423159788,26.83356973747008,4.47818412141669,12.603551623842321,0.18421376423159788,7.0036182583876485,0.7561200497391106,0.936,2.7094598842431004,34.30438896039591,14.049159314550696,5.254747280815832,1.5914611505645302,0.102,1.599186883614663,10000.0
74,1,"[74.0, 1.0]",smooth,smooth,6.758177456728085,7.068258645533142,6.758177456728085,1.5288550023494059,0.8,1.2,1.6162181453408004,1.2929745162726405,1.9394617744089604,1.2929745162726405,0.006745298825750516,0.006745298825750516,0.006745298825750516,0.4766863651963586,5,200,1000,300,300,10000,10000,10000,1,6.924592479051679,0.6148040303306064,0.948,2.3810621863521066,26.108757040602377,4.391712796270031,11.347301770911365,0.17686969098403582,26.108757040602377,4.391712796270031,11.347301770911365,0.17686969098403582,6.963777782654936,0.7022877701346958,0.952,2.695076661886961,33.532351617103544,12.721242655209595,5.218256032568814,1.5888001610547726,0.077,1.59796877890517,10000.0
75,1,"[75.0, 1.0]",smooth,smooth,6.729184392914373,6.709554150197628,6.729184392914373,1.5725365738451031,0.8,1.2,1.6598997168364977,1.3279197734691983,1.9918796602037971,1.3279197734691983,0.006745298825750516,0.006745298825750516,0.006745298825750516,0.4774794586355995,5,200,1000,300,300,10000,10000,10000,1,6.9661107729370615,0.6557180805867477,0.948,2.40421300061835,26.82350163238961,4.389259246286136,12.038518799453005,0.19401543507663604,26.82350163238961,4.389259246286136,12.038518799453005,0.19401543507663604,6.986984725270788,0.7518414861120728,0.949,2.7157711326199347,34.26722010829838,13.473194835627057,5.292283268007881,1.4961062679118138,0.127,1.623482918362395,10000.0
76,1,"[76.0, 1.0]",smooth,smooth,6.701316969709776,6.826416732438831,6.701316969709776,1.6162181453408004,0.8,1.2,1.703581288332195,1.3628650306657561,2.044297545998634,1.3628650306657561,0.006745298825750516,0.006745298825750516,0.006745298825750516,0.47547375450134244,5,200,1000,300,300,10000,10000,10000,1,6.9612936594123624,0.6961831580131416,0.934,2.4063039274396782,26.703173132485343,4.229708982643176,12.293111867033437,0.18702463362328092,26.703173132485343,4.229708982643176,12.293111867033437,0.18702463362328092,6.983869760596885,0.7856302953186954,0.932,2.708031693818327,33.96186429878434,13.774553989611245,5.279482923078255,1.4888056756850068,0.141,1.6305820731425704,10000.0
77,1,"[77.0, 1.0]",smooth,smooth,6.674507573728135,7.231306406685237,6.674507573728135,1.6598997168364977,0.8,1.2,1.7472628598278923,1.397810287862314,2.096715431793471,1.397810287862314,0.006745298825750516,0.006745298825750516,0.006745298825750516,0.4781532530710738,5,200,1000,300,300,10000,10000,10000,1,6.885603707792102,0.6603116423760729,0.936,2.371164103951534,26.173301593353735,4.208564756731668,11.76232541541324,0.18805912661732907,26.173301593353735,4.208564756731668,11.76232541541324,0.18805912661732907,6.918363692016411,0.7533526557196933,0.935,2.6995648722170165,33.54735831753469,13.249063128494132,5.274415000394141,1.466167117580266,0.147,1.6286465316244618,10000.0
78,1,"[78.0, 1.0]",smooth,smooth,6.648694160441112,6.0484971644612475,6.648694160441112,1.7035812883321952,0.8,1.2,1.7909444313235898,1.432755545058872,2.1491333175883076,1.432755545058872,0.006745298825750516,0.006745298825750516,0.006745298825750516,0.4755326480940235,5,200,1000,300,300,10000,10000,10000,1,6.922331348025982,0.6677969483900046,0.944,2.366076191154597,25.716949262063483,4.179092582340351,11.267537763890939,0.14923054660667512,25.716949262063483,4.179092582340351,11.267537763890939,0.14923054660667512,6.894161656201918,0.7298498035828686,0.952,2.6757907352425048,32.83324007278649,12.492354672544348,5.314076782684371,1.3986117918725383,0.166,1.623366132671735,10000.0
79,1,"[79.0, 1.0]",smooth,smooth,6.623819661164262,5.987001051524711,6.623819661164262,1.7472628598278925,0.8,1.2,1.8346260028192871,1.4677008022554299,2.2015512033831444,1.4677008022554299,0.006745298825750516,0.006745298825750516,0.006745298825750516,0.4730122043439321,5,200,1000,300,300,10000,10000,10000,1,6.920667514720856,0.7080181930507318,0.94,2.3902916746707894,26.06934373617412,4.101572942581623,11.980240697086662,0.16358970907052134,26.06934373617412,4.101572942581623,11.980240697086662,0.16358970907052134,6.929277243063172,0.7787713939861227,0.942,2.697024281690814,33.23094141949944,13.335175303628267,5.316124792230989,1.3759332788345298,0.177,1.6408248728073438,10000.0
80,1,"[80.0, 1.0]",smooth,smooth,6.5998314609002025,5.6380906002265,6.5998314609002025,1.7909444313235898,0.8,1.2,1.8783075743149844,1.5026460594519877,2.253969089177981,1.5026460594519877,0.006442766028419785,0.006624285706818224,0.006261246350021346,0.4734215983605442,5,200,1000,300,300,10000,10000,10000,1,6.859769058751195,0.6742858711122147,0.946,2.331316055350331,24.81463869619773,4.021196306436525,11.195863265858842,0.15884801504644092,24.81463869619773,4.021196306436525,11.195863265858842,0.15884801504644092,6.856291200670462,0.746601196905504,0.938,2.648393412932393,31.806078606036728,12.45986568547463,5.305834819791062,1.3640198796305287,0.192,1.6172952146535053,10000.0
81,1,"[81.0, 1.0]",smooth,smooth,6.576680952449951,5.903658064516129,6.576680952449951,1.8346260028192871,0.8,1.2,1.9219891458106817,1.5375913166485455,2.306386974972818,1.5375913166485455,0.0061402332310890526,0.0061402332310890526,0.0061402332310890526,0.4722002743782346,5,200,1000,300,300,10000,10000,10000,1,6.82802285439087,0.6541034671713771,0.951,2.3485877229165935,25.019522866180942,4.0244826703739704,11.317698384040243,0.15272999270706397,25.019522866180942,4.0244826703739704,11.317698384040243,0.15272999270706397,6.8344280254397995,0.7314359105501494,0.949,2.6622778344888496,31.99582193508755,12.592797230831097,5.295581763077856,1.3467657809666236,0.189,1.6339265142598955,10000.0
82,1,"[82.0, 1.0]",smooth,smooth,6.554323155487663,5.740029112081514,6.554323155487663,1.8783075743149844,0.8,1.2,1.965670717306379,1.5725365738451034,2.3588048607676546,1.5725365738451034,0.0061402332310890526,0.0061402332310890526,0.0061402332310890526,0.47129238059144835,5,200,1000,300,300,10000,10000,10000,1,6.77820032990307,0.6421307081117843,0.936,2.3006706566998427,23.897230836705777,3.921168280532649,10.490997535976856,0.13544592593930319,23.897230836705777,3.921168280532649,10.490997535976856,0.13544592593930319,6.782045007114123,0.7266470147883302,0.93,2.612315063812431,30.674040340222096,11.717058747259333,5.289852000954806,1.3330697895217234,0.198,1.6134183544001606,10000.0
83,1,"[83.0, 1.0]",smooth,smooth,6.532716385825612,5.549115131578947,6.532716385825612,1.9219891458106817,0.8,1.2,2.0093522888020763,1.6074818310416612,2.4112227465624914,1.6074818310416612,0.0061402332310890526,0.0061402332310890526,0.0061402332310890526,0.4703398876177758,5,200,1000,300,300,10000,10000,10000,1,6.738500376423415,0.6440079989486742,0.927,2.2808776734987526,23.495687885971435,3.857310278155241,10.91310422766778,0.1344612613810167,23.495687885971435,3.857310278155241,10.91310422766778,0.1344612613810167,6.739735478002841,0.7234470029963329,0.931,2.595540775803646,30.146079669137343,12.122963416384133,5.275007879312176,1.3290241637271532,0.214,1.603530970031845,10000.0
84,1,"[84.0, 1.0]",smooth,smooth,6.511821961855992,5.61238475177305,6.511821961855992,1.965670717306379,0.8,1.2,2.0530338602977736,1.642427088238219,2.463640632357328,1.642427088238219,0.0061402332310890526,0.0061402332310890526,0.0061402332310890526,0.46855425143415175,5,200,1000,300,300,10000,10000,10000,1,6.815919240530735,0.6652450594689702,0.949,2.3059560220347075,23.717941156731886,3.852211347043636,10.470946039118243,0.11217843051308626,23.717941156731886,3.852211347043636,10.470946039118243,0.11217843051308626,6.7759732581509295,0.7179124917953307,0.947,2.6188805540592273,30.454817605139855,11.610018803844735,5.343067917373289,1.24149001685901,0.25,1.6324452621762977,10000.0
85,1,"[85.0, 1.0]",smooth,smooth,6.491603941585138,5.384316479400748,6.491603941585138,2.0093522888020763,0.8,1.2,2.096715431793471,1.6773723454347769,2.516058518152165,1.6773723454347769,0.0061402332310890526,0.0061402332310890526,0.0061402332310890526,0.46892272091802695,5,200,1000,300,300,10000,10000,10000,1,6.766245197143375,0.6609085651341765,0.954,2.3147715696349938,24.093394169031733,3.755246507935492,11.60205645756893,0.11611144259756813,24.093394169031733,3.755246507935492,11.60205645756893,0.11611144259756813,6.77319203900719,0.7381460568678897,0.952,2.633287513639813,30.709027419723792,12.677244242504003,5.317532390548503,1.2471696032577775,0.253,1.6377066106381615,10000.0
86,1,"[86.0, 1.0]",smooth,smooth,6.472028886351447,5.634662131519274,6.472028886351447,2.0530338602977736,0.8,1.2,2.140397003289168,1.7123176026313347,2.5684764039470016,1.7123176026313347,0.0061402332310890526,0.0061402332310890526,0.0061402332310890526,0.462856451406706,5,200,1000,300,300,10000,10000,10000,1,6.725721687174755,0.6847022193669614,0.93,2.2845312274149148,22.779859470114438,3.7349150549706875,10.396927005707965,0.10573266422009162,22.779859470114438,3.7349150549706875,10.396927005707965,0.10573266422009162,6.72721195057375,0.7636959645252481,0.925,2.5822308772465474,29.41197111321641,11.704402336728004,5.277898080870033,1.2776934761835863,0.242,1.6158079536683,10000.0
87,1,"[87.0, 1.0]",smooth,smooth,6.453065647674776,6.001992974238875,6.453065647674776,2.096715431793471,0.8,1.2,2.1840785747848654,1.7472628598278925,2.6208942897418384,1.7472628598278925,0.0061402332310890526,0.0061402332310890526,0.0061402332310890526,0.4641453425900247,5,200,1000,300,300,10000,10000,10000,1,6.654024489086324,0.6333786563335,0.94,2.241961412771467,22.00183114499796,3.6502057338427782,9.721929284928686,0.08963887049482473,22.00183114499796,3.6502057338427782,9.721929284928686,0.08963887049482473,6.69695656229506,0.7158163264418722,0.944,2.5634175859139785,28.5705446147828,10.951480826769954,5.262429203900432,1.2672423280772656,0.239,1.610973563988014,10000.0
88,1,"[88.0, 1.0]",smooth,smooth,6.434685174491138,5.2165587467362915,6.434685174491138,2.140397003289168,0.8,1.2,2.2277601462805627,1.7822081170244504,2.673312175536675,1.7822081170244504,0.0061402332310890526,0.0061402332310890526,0.0061402332310890526,0.4615556428002449,5,200,1000,300,300,10000,10000,10000,1,6.693264837712754,0.6318065105404087,0.948,2.2336532141875516,21.611950135916114,3.6575352552325544,9.710603143898492,0.09510630860473004,21.611950135916114,3.6575352552325544,9.710603143898492,0.09510630860473004,6.654708836923982,0.6909571848797746,0.95,2.539544936381459,27.89096355830761,10.742278220007366,5.301189652532519,1.2078982868314685,0.273,1.6093191753943266,10000.0
89,1,"[89.0, 1.0]",smooth,smooth,6.416860337458492,4.605033444816053,6.416860337458492,2.1840785747848654,0.8,1.2,2.27144171777626,1.8171533742210082,2.725730061331512,1.8171533742210082,0.0061402332310890526,0.0061402332310890526,0.0061402332310890526,0.46095583663859135,5,200,1000,300,300,10000,10000,10000,1,6.6616585289441606,0.6404678005527217,0.944,2.2345706647134684,21.519788438039207,3.593133220653882,9.417267173733736,0.09550457718303404,21.519788438039207,3.593133220653882,9.417267173733736,0.09550457718303404,6.651355214628493,0.7048156050543509,0.94,2.545232030091111,27.90196172497421,10.5078754205351,5.28827944598151,1.2074009756724786,0.262,1.613201861507226,10000.0
90,1,"[90.0, 1.0]",smooth,smooth,6.399565768644429,4.980862831858406,6.399565768644429,2.2277601462805627,0.8,1.2,2.3151232892719573,1.852098631417566,2.7781479471263486,1.852098631417566,0.0061402332310890526,0.0061402332310890526,0.0061402332310890526,0.45965471953077797,5,200,1000,300,300,10000,10000,10000,1,6.727849543362601,0.682079950951262,0.937,2.2513811792132956,21.858203485840093,3.6083199378231345,10.354714677583907,0.1090871518767625,21.858203485840093,3.6083199378231345,10.354714677583907,0.1090871518767625,6.661029107311526,0.7273513419380313,0.934,2.5642972178716112,28.2039814463074,11.404817677826625,5.350446030956428,1.1323628805318895,0.327,1.6291042543599699,10000.0
91,1,"[91.0, 1.0]",smooth,smooth,6.3827777168034565,nan,6.3827777168034565,2.27144171777626,0.8,1.2,2.3588048607676546,1.8870438886141239,2.8305658329211854,1.8870438886141239,0.0061402332310890526,0.0061402332310890526,0.0061402332310890526,0.45832907561766395,5,200,1000,300,300,10000,10000,10000,1,6.683719269016829,0.6667374870631614,0.944,2.2371275815268947,21.376117493299333,3.49569855282696,9.619620111049338,0.08160965794061423,21.376117493299333,3.49569855282696,9.619620111049338,0.08160965794061423,6.653128544122294,0.7253537525923971,0.944,2.5371913358931626,27.62978665900643,10.780712186067813,5.322263234681124,1.146539901706688,0.313,1.624187809736364,10000.0
92,1,"[92.0, 1.0]",smooth,smooth,6.366473916996395,nan,6.366473916996395,2.3151232892719573,0.8,1.2,2.402486432263352,1.9219891458106817,2.882983718716022,1.9219891458106817,0.0061402332310890526,0.0061402332310890526,0.0061402332310890526,0.457794095917763,5,200,1000,300,300,10000,10000,10000,1,6.597472826652872,0.6388691999166431,0.941,2.2094402210500705,20.786020886554105,3.4320429638448138,9.174468849209896,0.07063257941649198,20.786020886554105,3.4320429638448138,9.174468849209896,0.07063257941649198,6.600384293935136,0.7140691536882166,0.935,2.521328408900725,26.956488135643784,10.271988590544485,5.29062248375441,1.1609173857679984,0.314,1.6153718349956294,10000.0
93,1,"[93.0, 1.0]",smooth,smooth,6.350633471838758,nan,6.350633471838758,2.3588048607676546,0.8,1.2,2.446168003759049,1.9569344030072395,2.935401604510859,1.9569344030072395,0.0061402332310890526,0.0061402332310890526,0.0061402332310890526,0.4549611183047356,5,200,1000,300,300,10000,10000,10000,1,6.548093864018846,0.5909482734400987,0.951,2.2164161769476673,20.639969362259283,3.356149245154256,9.051223367464292,0.09516437525305914,20.639969362259283,3.356149245154256,9.051223367464292,0.09516437525305914,6.602983222835956,0.6896331004592446,0.94,2.51987886238388,26.788386335817066,10.156112542349796,5.23795840230915,1.1856410014764225,0.272,1.6196958174408298,10000.0
94,1,"[94.0, 1.0]",smooth,smooth,6.335236742370897,5.029924915445322,6.335236742370897,2.402486432263352,0.8,1.2,2.4898495752547465,1.9918796602037974,2.9878194903056956,1.9918796602037974,0.0061402332310890526,0.0061402332310890526,0.0061402332310890526,0.45087834836361457,5,200,1000,300,300,10000,10000,10000,1,6.635925117340749,0.6572225754061549,0.943,2.2155128026872917,20.262077282252925,3.347954324138458,8.893023704042632,0.0507698174526561,20.262077282252925,3.347954324138458,8.893023704042632,0.0507698174526561,6.59662639715351,0.7033615524902973,0.949,2.5149069448859276,26.246216135023076,9.883184680442252,5.314540131904055,1.107965776630832,0.347,1.6204895372606294,10000.0
95,1,"[95.0, 1.0]",smooth,smooth,6.320265248160409,nan,6.320265248160409,2.446168003759049,0.8,1.2,2.5335311467504438,2.026824917400355,3.0402373761005324,2.026824917400355,0.0061402332310890526,0.0061402332310890526,0.0061402332310890526,0.45238186948846754,5,200,1000,300,300,10000,10000,10000,1,6.558764486168129,0.6122748700883487,0.954,2.217248665950087,20.48859837810696,3.275290446692966,9.342809958440386,0.07262511079432658,20.48859837810696,3.275290446692966,9.342809958440386,0.07262511079432658,6.586283546061668,0.6919671393572276,0.944,2.5237487193163974,26.53664837626265,10.457830397370142,5.267048920469957,1.1301212523888053,0.32,1.6282214193418934,10000.0
96,1,"[96.0, 1.0]",smooth,smooth,6.305701577498613,nan,6.305701577498613,2.4898495752547465,0.8,1.2,2.577212718246141,2.061770174596913,3.092655261895369,2.061770174596913,0.0061402332310890526,0.0061402332310890526,0.0061402332310890526,0.45062495526668583,5,200,1000,300,300,10000,10000,10000,1,6.523000479691424,0.618048839741495,0.938,2.170719957184947,19.40037900976331,3.2524548200572796,8.399217472910301,0.06972164802514107,19.40037900976331,3.2524548200572796,8.399217472910301,0.06972164802514107,6.512165516413975,0.6891650309710781,0.937,2.4736002379907265,25.354214500562563,9.446219862390087,5.2615816165250715,1.1272402081644965,0.308,1.6044846614920543,10000.0
97,1,"[97.0, 1.0]",smooth,smooth,6.291529308079702,nan,6.291529308079702,2.5335311467504438,0.8,1.2,2.6208942897418384,2.096715431793471,3.145073147690206,2.096715431793471,0.0061402332310890526,0.0061402332310890526,0.0061402332310890526,0.4526557445918556,5,200,1000,300,300,10000,10000,10000,1,6.5429524534073575,0.6142773185846133,0.952,2.200023263200675,20.08653996175459,3.2716977220236223,8.61433506923612,0.08139350410745114,20.08653996175459,3.2716977220236223,8.61433506923612,0.08139350410745114,6.5674761857469655,0.6959398195861304,0.95,2.5213111783726343,26.107735641013157,9.59099247031804,5.307299996696752,1.0695002670195002,0.371,1.6382013019738646,10000.0
98,1,"[98.0, 1.0]",smooth,smooth,6.277732934543818,nan,6.277732934543818,2.577212718246141,0.8,1.2,2.6645758612375356,2.1316606889900287,3.1974910334850426,2.1316606889900287,0.0061402332310890526,0.0061402332310890526,0.0061402332310890526,0.45108444051397106,5,200,1000,300,300,10000,10000,10000,1,6.509378606048009,0.601674101105507,0.951,2.1365488397182135,18.828350380351868,3.2708270558498755,8.214321142523497,0.03638787447540977,18.828350380351868,3.2708270558498755,8.214321142523497,0.03638787447540977,6.5073749814328,0.6786046012897851,0.942,2.4552743734227924,24.662518113116494,9.347356214357578,5.29721211880969,1.0631675508148193,0.35,1.6040673656204154,10000.0
99,1,"[99.0, 1.0]",smooth,smooth,6.264297801445153,nan,6.264297801445153,2.6208942897418384,0.8,1.2,2.708257432733233,2.1666059461865865,3.2499089192798793,2.1666059461865865,0.0061402332310890526,0.0061402332310890526,0.0061402332310890526,0.448323316218781,5,200,1000,300,300,10000,10000,10000,1,6.464133258879568,0.5815753677561994,0.949,2.144119533568277,18.743227324709487,3.1648851866263352,8.130092056624052,0.04801415133605328,18.743227324709487,3.1648851866263352,8.130092056624052,0.04801415133605328,6.485025636854119,0.6615310077796643,0.945,2.4604190062092615,24.554222036423745,9.128264399939932,5.258326989781503,1.0866992125787203,0.346,1.6015817252666846,10000.0
100,1,"[100.0, 1.0]",smooth,smooth,6.251210041572009,nan,6.251210041572009,2.6645758612375356,0.8,1.2,2.7519390042289302,2.2015512033831444,3.302326805074716,2.2015512033831444,0.0061402332310890526,0.0061402332310890526,0.0061402332310890526,0.44732626505854506,5,200,1000,300,300,10000,10000,10000,1,6.506220930914382,0.6167282732554836,0.95,2.147927232120675,18.70854371711479,3.1706369445319798,8.006150596313928,0.08923280754465124,18.70854371711479,3.1706369445319798,8.006150596313928,0.08923280754465124,6.50276163023689,0.6877579944450832,0.951,2.4593563914824297,24.456923367585468,8.997525967267798,5.3053459100493265,1.0371754623698648,0.37,1.6139007818191697,10000.0
70,2,"[70.0, 2.0]",smooth,smooth,4.200841915640373,3.9294243219597553,4.200841915640373,1.1860992256053164,0.8,1.2,1.2284599122340778,0.9827679297872622,1.4741518946808934,0.9827679297872622,0.006745298825750516,0.006745298825750516,0.006745298825750516,0.45529941920861805,5,200,1000,300,300,10000,10000,10000,1,4.287320575303958,0.42395648828155946,0.926,1.565658714093068,10.578329459367321,2.1296732238499385,5.873163650612009,0.12666642218925664,10.578329459367321,2.1296732238499385,5.873163650612009,0.12666642218925664,4.284072748314184,0.46404312381653373,0.929,1.7536907104368848,13.166636207781794,6.304510722950592,3.317854599879124,0.9260642605815895,0.171,1.0566512343374161,10000.0
71,2,"[71.0, 2.0]",smooth,smooth,4.180170525487306,4.034404478323011,4.180170525487306,1.2284599122340778,0.8,1.2,1.2708205988628392,1.0166564790902715,1.5249847186354069,1.0166564790902715,0.006745298825750516,0.006745298825750516,0.006745298825750516,0.45732086883751205,5,200,1000,300,300,10000,10000,10000,1,4.30060950861185,0.4424360056768002,0.927,1.5925147399267212,11.051261229566398,2.117908964131124,6.1934992198451315,0.13127054884981346,11.051261229566398,2.117908964131124,6.1934992198451315,0.13127054884981346,4.308719290969705,0.48624572646575737,0.939,1.7817774702096052,13.687441045166404,6.64267764211023,3.346749253136223,0.8814986547940603,0.228,1.0757988107570393,10000.0
72,2,"[72.0, 2.0]",smooth,smooth,4.160599118732095,3.921609744990892,4.160599118732095,1.2708205988628392,0.8,1.2,1.3131812854916005,1.0505450283932805,1.5758175425899206,1.0505450283932805,0.006745298825750516,0.006745298825750516,0.006745298825750516,0.4570681236027355,5,200,1000,300,300,10000,10000,10000,1,4.226358276359344,0.415638291205641,0.927,1.5577270116903164,10.615780687172759,2.050281536316575,6.268782791912209,0.12084288578993138,10.615780687172759,2.050281536316575,6.268782791912209,0.12084288578993138,4.256676541000839,0.46867650803285055,0.94,1.7421752129565256,13.171341422372372,6.670630901903723,3.321882204389166,0.8834986531037108,0.202,1.0727280951899363,10000.0
73,2,"[73.0, 2.0]",smooth,smooth,4.14203991040899,3.9119018441403925,4.14203991040899,1.3131812854916003,0.8,1.2,1.3555419721203616,1.0844335776962895,1.6266503665444338,1.0844335776962895,0.006745298825750516,0.006745298825750516,0.006745298825750516,0.4603317753132689,5,200,1000,300,300,10000,10000,10000,1,4.23992279458682,0.4223945343277847,0.934,1.5347088722650506,10.388687433319095,2.0678703317528533,5.833677462717912,0.12323013581684489,10.388687433319095,2.0678703317528533,5.833677462717912,0.12323013581684489,4.231380783644962,0.4661982123697956,0.931,1.7245355286210424,12.947934745708018,6.283088106678427,3.3277250139931813,0.862768431838504,0.21,1.0642351368701806,10000.0
74,2,"[74.0, 2.0]",smooth,smooth,4.124413335208498,3.910886670581327,4.124413335208498,1.3555419721203616,0.8,1.2,1.397902658749123,1.1183221269992984,1.6774831904989476,1.1183221269992984,0.006745298825750516,0.006745298825750516,0.006745298825750516,0.459243171286771,5,200,1000,300,300,10000,10000,10000,1,4.239956336404807,0.4055427568016071,0.946,1.514475320016959,9.998015884933043,2.0366819738410484,5.209193053408771,0.10756237094164375,9.998015884933043,2.0366819738410484,5.209193053408771,0.10756237094164375,4.222573831042262,0.44824305681415605,0.947,1.6968408477012709,12.496332982103864,5.624200258253507,3.3518220844923796,0.8178694027609333,0.234,1.0526008008231216,10000.0
75,2,"[75.0, 2.0]",smooth,smooth,4.107647254415031,3.766169981000633,4.107647254415031,1.397902658749123,0.8,1.2,1.4402633453778844,1.1522106763023074,1.7283160144534613,1.1522106763023074,0.006745298825750516,0.006745298825750516,0.006745298825750516,0.45975241416226587,5,200,1000,300,300,10000,10000,10000,1,4.203333189785417,0.4135142597778013,0.943,1.5353073478538148,10.383273168115334,2.002248167374501,5.9279797691562885,0.11678841828626095,10.383273168115334,2.002248167374501,5.9279797691562885,0.11678841828626095,4.213397690932191,0.4641503926074992,0.944,1.7180343491188712,12.842151214084549,6.2651534087601926,3.337040297854083,0.8184201486134741,0.26,1.0721594033117803,10000.0
76,2,"[76.0, 2.0]",smooth,smooth,4.09167622576521,3.774681944444444,4.09167622576521,1.4402633453778844,0.8,1.2,1.4826240320066457,1.1860992256053167,1.7791488384079748,1.1860992256053167,0.006745298825750516,0.006745298825750516,0.006745298825750516,0.4606768170645827,5,200,1000,300,300,10000,10000,10000,1,4.180287323090023,0.4135723883965193,0.939,1.5212009382178822,10.220002391581376,1.9614096825705691,5.795420536366242,0.1048211241180793,10.220002391581376,1.9614096825705691,5.795420536366242,0.1048211241180793,4.187302265125049,0.46594637240324344,0.934,1.7072522906175145,12.695854243447709,6.152595254765663,3.335934643146296,0.807322281119924,0.266,1.0641492964698236,10000.0
77,2,"[77.0, 2.0]",smooth,smooth,4.076440837918264,3.6643475177304965,4.076440837918264,1.4826240320066457,0.8,1.2,1.524984718635407,1.2199877749083257,1.8299816623624885,1.2199877749083257,0.006745298825750516,0.006745298825750516,0.006745298825750516,0.45874417429640213,5,200,1000,300,300,10000,10000,10000,1,4.176599708838291,0.410124484487873,0.948,1.529035615238378,10.243956171438995,1.920696750066727,5.887422657248646,0.1177573307764946,10.243956171438995,1.920696750066727,5.887422657248646,0.1177573307764946,4.201099249039216,0.4522064357847742,0.949,1.7011188101810346,12.632476417911306,6.189924931801543,3.3228403576646177,0.8032998930523052,0.251,1.0673064919256672,10000.0
78,2,"[78.0, 2.0]",smooth,smooth,4.0618871114840305,3.673908491343776,4.0618871114840305,1.5249847186354069,0.8,1.2,1.5673454052641682,1.2538763242113347,1.8808144863170018,1.2538763242113347,0.006745298825750516,0.006745298825750516,0.006745298825750516,0.4609839240205328,5,200,1000,300,300,10000,10000,10000,1,4.172354733711652,0.4026175034374465,0.939,1.498146152058247,9.957399408394462,1.895106870738597,5.769897449195599,0.10552872596640188,9.957399408394462,1.895106870738597,5.769897449195599,0.10552872596640188,4.165032508644616,0.45005630863485285,0.947,1.684262977713926,12.323663392953408,6.125599676231388,3.360212338020087,0.7534597532085257,0.306,1.0662677503547104,10000.0
79,2,"[79.0, 2.0]",smooth,smooth,4.047965960444721,3.6528319783197833,4.047965960444721,1.5673454052641682,0.8,1.2,1.6097060918929296,1.2877648735143437,1.9316473102715155,1.2877648735143437,0.006745298825750516,0.006745298825750516,0.006745298825750516,0.45975533060469137,5,200,1000,300,300,10000,10000,10000,1,4.1705511316749035,0.41564168690134656,0.944,1.4918407481119944,9.821694281915143,1.869749538199927,5.612636893909161,0.10601130451407104,9.821694281915143,1.869749538199927,5.612636893909161,0.10601130451407104,4.161229629578131,0.4665168529094434,0.937,1.6756087338396917,12.215249846861148,6.022880329052234,3.36600906174551,0.737606495105618,0.333,1.066264721982833,10000.0
80,2,"[80.0, 2.0]",smooth,smooth,4.034632708558937,3.1195650623885918,4.034632708558937,1.6097060918929296,0.8,1.2,1.652066778521691,1.3216534228173529,1.982480134226029,1.3216534228173529,0.006745298825750516,0.006745298825750516,0.006745298825750516,0.45612867913902316,5,200,1000,300,300,10000,10000,10000,1,4.173309428997954,0.4201135485103128,0.94,1.4976374666171128,9.7288803777057,1.8437605728483353,5.556543799212871,0.09484820979493117,9.7288803777057,1.8437605728483353,5.556543799212871,0.09484820979493117,4.151476816577943,0.4512569767909208,0.943,1.6683361984437437,12.06045201497465,5.900714804597717,3.3468550188510813,0.7438607101973229,0.317,1.0670929181032,10000.0
81,2,"[81.0, 2.0]",smooth,smooth,4.021846654744076,3.1515466666666665,4.021846654744076,1.652066778521691,0.8,1.2,1.6944274651504523,1.3555419721203619,2.0333129581805425,1.3555419721203619,0.006745298825750516,0.006745298825750516,0.006745298825750516,0.4567953566618027,5,200,1000,300,300,10000,10000,10000,1,4.1401993287760686,0.41443812542037445,0.938,1.4795126805611973,9.511951014023294,1.8186712954933442,5.479480289212845,0.09994524738309676,9.511951014023294,1.8186712954933442,5.479480289212845,0.09994524738309676,4.1331251889293545,0.450471616872429,0.943,1.6580673025017332,11.824859712593275,5.754910204826233,3.345313153947959,0.7333241640361398,0.336,1.0621949900923378,10000.0
82,2,"[82.0, 2.0]",smooth,smooth,4.0095706855799635,2.926660962566845,4.0095706855799635,1.694427465150452,0.8,1.2,1.7367881517792134,1.3894305214233709,2.084145782135056,1.3894305214233709,0.00668479226628437,0.006624285706818224,0.006745298825750516,0.45662289250199867,5,200,1000,300,300,10000,10000,10000,1,4.097392230770924,0.3860980072605508,0.932,1.4559675682616127,9.168252082116092,1.801557152704667,4.94253264724262,0.08171091006826564,9.168252082116092,1.801557152704667,4.94253264724262,0.08171091006826564,4.10596341006339,0.4330670004018466,0.932,1.6365075095260804,11.434470510751403,5.2447325464586845,3.337991467542445,0.7241149251473148,0.346,1.0562216507170175,10000.0
83,2,"[83.0, 2.0]",smooth,smooth,3.9977709352061996,2.9519653937947496,3.9977709352061996,1.7367881517792134,0.8,1.2,1.7791488384079748,1.4233190707263799,2.1349786060895695,1.4233190707263799,0.006382259468953638,0.006261246350021346,0.00650327258788593,0.4550978194636346,5,200,1000,300,300,10000,10000,10000,1,4.10860061430576,0.3871767510141283,0.951,1.4732794337344028,9.315209250355172,1.7743808425416325,5.048392633851992,0.0862107387981669,9.315209250355172,1.7743808425416325,5.048392633851992,0.0862107387981669,4.132864995748147,0.44106273315994354,0.952,1.6486783210373395,11.592365998875291,5.33825867850106,3.344706007734125,0.706968890617472,0.342,1.0671233464152783,10000.0
84,2,"[84.0, 2.0]",smooth,smooth,3.9864164836011415,3.02210296010296,3.9864164836011415,1.7791488384079748,0.8,1.2,1.8215095250367361,1.457207620029389,2.185811430044083,1.457207620029389,0.0061402332310890526,0.0061402332310890526,0.0061402332310890526,0.4529635198320058,5,200,1000,300,300,10000,10000,10000,1,4.118943184589939,0.40787263088016906,0.944,1.470987483139328,9.227617691531073,1.7705819305064825,5.183849533148166,0.08248862409293442,9.227617691531073,1.7705819305064825,5.183849533148166,0.08248862409293442,4.1024695854322015,0.44824024472234275,0.945,1.6439491622928657,11.504816515789226,5.502631411570111,3.3585058421209975,0.6874298485114632,0.398,1.0755479776875794,10000.0
85,2,"[85.0, 2.0]",smooth,smooth,3.9754790861617724,3.158168956043956,3.9754790861617724,1.8215095250367361,0.8,1.2,1.8638702116654975,1.491096169332398,2.236644253998597,1.491096169332398,0.0061402332310890526,0.0061402332310890526,0.0061402332310890526,0.45493670838134187,5,200,1000,300,300,10000,10000,10000,1,4.080386785362007,0.3939253080786992,0.94,1.4506113411929447,9.058999325569422,1.7513392252629194,5.020285096428638,0.08318872411899048,9.058999325569422,1.7513392252629194,5.020285096428638,0.08318872411899048,4.068045094168854,0.4353165709129111,0.939,1.6307023761867405,11.247132113570885,5.331628490598284,3.3605308998670194,0.675139893941254,0.39,1.0684962395435134,10000.0
86,2,"[86.0, 2.0]",smooth,smooth,3.964932928160249,3.224653208137715,3.964932928160249,1.8638702116654973,0.8,1.2,1.9062308982942586,1.524984718635407,2.28747707795311,1.524984718635407,0.0061402332310890526,0.0061402332310890526,0.0061402332310890526,0.45151792586988015,5,200,1000,300,300,10000,10000,10000,1,4.090140871105968,0.4080574831529804,0.939,1.4712792861169208,9.201613643649502,1.6911859117855343,5.333867649092127,0.08151142336643406,9.201613643649502,1.6911859117855343,5.333867649092127,0.08151142336643406,4.09295682806649,0.446580541215104,0.936,1.6420026208307332,11.38732516934513,5.640036095070877,3.3516665161764534,0.6750056112817158,0.4,1.0788402474002803,10000.0
87,2,"[87.0, 2.0]",smooth,smooth,3.9547543994303602,3.0696733576642337,3.9547543994303602,1.9062308982942586,0.8,1.2,1.94859158492302,1.558873267938416,2.338309901907624,1.558873267938416,0.0061402332310890526,0.0061402332310890526,0.0061402332310890526,0.451007017137482,5,200,1000,300,300,10000,10000,10000,1,4.073826496009166,0.39813094296643187,0.938,1.4595215571127815,8.970833555685216,1.6592076992855669,4.769133192133616,0.07042552505167786,8.970833555685216,1.6592076992855669,4.769133192133616,0.07042552505167786,4.084476066184493,0.4447806645416892,0.938,1.6373318191095982,11.172898672730192,5.101659352938368,3.3436241959648965,0.6716337094324543,0.392,1.072183773994089,10000.0
88,2,"[88.0, 2.0]",smooth,smooth,3.9449218867425633,2.9778728222996516,3.9449218867425633,1.94859158492302,0.8,1.2,1.9909522715517813,1.592761817241425,2.3891427258621376,1.592761817241425,0.0061402332310890526,0.0061402332310890526,0.0061402332310890526,0.4494956515329368,5,200,1000,300,300,10000,10000,10000,1,4.0891527770945935,0.39627660337417997,0.948,1.4496745991679632,8.806424728304714,1.6570998121669676,4.810227002003033,0.07361733396833225,8.806424728304714,1.6570998121669676,4.810227002003033,0.07361733396833225,4.074152373619272,0.4289267275328777,0.96,1.6253696444345618,10.972497186525347,5.103977060472787,3.3764085733636695,0.6315226999212996,0.441,1.0766325318025958,10000.0
89,2,"[89.0, 2.0]",smooth,smooth,3.9354155829951467,3.4327471264367815,3.9354155829951467,1.9909522715517813,0.8,1.2,2.033312958180543,1.6266503665444345,2.4399755498166513,1.6266503665444345,0.0061402332310890526,0.0061402332310890526,0.0061402332310890526,0.4487371544511011,5,200,1000,300,300,10000,10000,10000,1,4.048018347807383,0.3771820054991797,0.952,1.4325788122213892,8.54800714559149,1.6288464051352396,4.5860522078554045,0.06415952388897372,8.54800714559149,1.6288464051352396,4.5860522078554045,0.06415952388897372,4.059701888062741,0.42588677094727384,0.957,1.6119520314833529,10.67253597031208,4.908160803716287,3.34761726389374,0.6505553421531313,0.431,1.066015423782191,10000.0
90,2,"[90.0, 2.0]",smooth,smooth,3.926217313455635,3.2289860139860136,3.926217313455635,2.033312958180543,0.8,1.2,2.0756736448093043,1.6605389158474435,2.490808373771165,1.6605389158474435,0.0061402332310890526,0.0061402332310890526,0.0061402332310890526,0.44615543580526024,5,200,1000,300,300,10000,10000,10000,1,4.03302313846631,0.3929582411612575,0.949,1.4292204392125156,8.443586271428774,1.5829208815419442,4.607867007880057,0.07352695904671509,8.443586271428774,1.5829208815419442,4.607867007880057,0.07352695904671509,4.0560322546507726,0.4388361077167589,0.945,1.6027722746397146,10.558687365174674,4.918912885446741,3.3387967372409215,0.6504499955198944,0.422,1.0719018659306505,10000.0
91,2,"[91.0, 2.0]",smooth,smooth,3.9173103783265626,nan,3.9173103783265626,2.0756736448093043,0.8,1.2,2.1180343314380656,1.6944274651504525,2.5416411977256788,1.6944274651504525,0.0061402332310890526,0.0061402332310890526,0.0061402332310890526,0.4489166019378635,5,200,1000,300,300,10000,10000,10000,1,4.018408772999936,0.3874680328198107,0.939,1.429161897227453,8.545021340573593,1.5837241286047545,4.6508793693619666,0.06315619869046973,8.545021340573593,1.5837241286047545,4.6508793693619666,0.06315619869046973,4.038698006366294,0.43782435912559775,0.934,1.607445480693546,10.619357388658207,4.935732687374112,3.3543174263422744,0.631159645899216,0.456,1.075151869460337,10000.0
92,2,"[92.0, 2.0]",smooth,smooth,3.908679409521226,nan,3.908679409521226,2.1180343314380656,0.8,1.2,2.160395018066827,1.7283160144534617,2.5924740216801925,1.7283160144534617,0.0061402332310890526,0.0061402332310890526,0.0061402332310890526,0.44472295785654775,5,200,1000,300,300,10000,10000,10000,1,4.024079042614163,0.3906224374827309,0.943,1.4025252381877542,8.070138539729623,1.5715082781619227,4.442040340301429,0.061671285740897884,8.070138539729623,1.5715082781619227,4.442040340301429,0.061671285740897884,4.0205044693594125,0.4275278316790708,0.945,1.5719103469476585,10.119733766212041,4.737371448875128,3.3386840050657454,0.6343074914854803,0.428,1.0534398636102607,10000.0
93,2,"[93.0, 2.0]",smooth,smooth,3.9003102404859185,nan,3.9003102404859185,2.1603950180668265,0.8,1.2,2.202755704695588,1.7622045637564705,2.6433068456347053,1.7622045637564705,0.0061402332310890526,0.0061402332310890526,0.0061402332310890526,0.445978614599284,5,200,1000,300,300,10000,10000,10000,1,4.008660742710662,0.3736256388844631,0.952,1.4043442995333968,8.114503544159515,1.5584160816021888,4.400793525542595,0.05683058840297406,8.114503544159515,1.5584160816021888,4.400793525542595,0.05683058840297406,4.0172384842785025,0.4110703792391961,0.947,1.5811058543238492,10.133136839455606,4.651311922186231,3.352244328885791,0.6123938056817346,0.463,1.0676281427421725,10000.0
94,2,"[94.0, 2.0]",smooth,smooth,3.892189787735293,3.057470707070707,3.892189787735293,2.202755704695588,0.8,1.2,2.2451163913243493,1.7960931130594795,2.694139669589219,1.7960931130594795,0.0061402332310890526,0.0061402332310890526,0.0061402332310890526,0.436661942509003,5,200,1000,300,300,10000,10000,10000,1,4.076614643417085,0.4282898875378471,0.954,1.4397070619087962,8.194357495626345,1.5499827505567432,4.4137255072839725,0.05056824990358739,8.194357495626345,1.5499827505567432,4.4137255072839725,0.05056824990358739,4.0511762857511435,0.46740620870545774,0.942,1.6126282964450405,10.210626925387125,4.679772592248119,3.392002297225112,0.5812935326151161,0.51,1.0823373689930469,10000.0
95,2,"[95.0, 2.0]",smooth,smooth,3.884305943860986,nan,3.884305943860986,2.2451163913243493,0.8,1.2,2.2874770779531106,1.8299816623624885,2.7449724935437327,1.8299816623624885,0.0061402332310890526,0.0061402332310890526,0.0061402332310890526,0.4410232485116537,5,200,1000,300,300,10000,10000,10000,1,4.005700263811532,0.3796712392648323,0.951,1.409510244210509,8.016448155784872,1.508691483180726,4.383662911416041,0.04738087553322088,8.016448155784872,1.508691483180726,4.383662911416041,0.04738087553322088,4.008060011355547,0.4233602249175087,0.949,1.582105541709474,10.03721038967673,4.6174429421195295,3.345968451873741,0.6039139362534355,0.48,1.0680446081965786,10000.0
96,2,"[96.0, 2.0]",smooth,smooth,3.8766474837813942,nan,3.8766474837813942,2.2874770779531106,0.8,1.2,2.329837764581872,1.8638702116654977,2.7958053174982465,1.8638702116654977,0.0061402332310890526,0.0061402332310890526,0.0061402332310890526,0.44010106791439396,5,200,1000,300,300,10000,10000,10000,1,3.990791028576131,0.3884487663239748,0.943,1.3893576047526848,7.7608370721865585,1.479249827514151,4.352116286531269,0.052558915623132994,7.7608370721865585,1.479249827514151,4.352116286531269,0.052558915623132994,3.9796454386128444,0.42884434899629503,0.935,1.5611799638653747,9.711297431180837,4.585513940333342,3.3495262837152917,0.5969685723601791,0.481,1.059649088657551,10000.0
97,2,"[97.0, 2.0]",smooth,smooth,3.869203985162174,nan,3.869203985162174,2.329837764581872,0.8,1.2,2.3721984512106333,1.8977587609685067,2.8466381414527597,1.8977587609685067,0.0061402332310890526,0.0061402332310890526,0.0061402332310890526,0.43755195139913117,5,200,1000,300,300,10000,10000,10000,1,3.984138970798969,0.4018344217724808,0.929,1.425137547310913,8.09259356281564,1.4481459582549883,4.55754313239229,0.04914807286784147,8.09259356281564,1.4481459582549883,4.55754313239229,0.04914807286784147,4.007666772810944,0.4526390583301897,0.932,1.5897754297587818,10.075792965081012,4.783995795143944,3.333939166915867,0.60885413817522,0.508,1.079057731957966,10000.0
98,2,"[98.0, 2.0]",smooth,smooth,3.8619657565991563,nan,3.8619657565991563,2.3721984512106333,0.8,1.2,2.4145591378393947,1.931647310271516,2.8974709654072734,1.931647310271516,0.0061402332310890526,0.0061402332310890526,0.0061402332310890526,0.43569810043307244,5,200,1000,300,300,10000,10000,10000,1,4.002023697657568,0.3925817031554606,0.949,1.3994010922021676,7.695362297691725,1.4461682444868227,4.129313220627841,0.04439681648630175,7.695362297691725,1.4461682444868227,4.129313220627841,0.04439681648630175,3.9725126006907905,0.4311387689492167,0.939,1.5672404314844204,9.67628522530944,4.428838166790801,3.3590455077842396,0.5751090970043498,0.519,1.07359088999761,10000.0
99,2,"[99.0, 2.0]",smooth,smooth,3.854923771298,nan,3.854923771298,2.4145591378393947,0.8,1.2,2.456919824468156,1.965535859574525,2.948303789361787,1.965535859574525,0.0061402332310890526,0.0061402332310890526,0.0061402332310890526,0.4377227071883114,5,200,1000,300,300,10000,10000,10000,1,3.9521137504612844,0.3734355117645497,0.943,1.3664227621437477,7.389426057393499,1.4442395894456685,3.870988450572598,0.04903525431966459,7.389426057393499,1.4442395894456685,3.870988450572598,0.04903525431966459,3.9585374495620265,0.41438562264048817,0.943,1.5467904383014763,9.331033603758245,4.126790471219814,3.3307266401094275,0.5934088890372597,0.481,1.055911883070222,10000.0
100,2,"[100.0, 2.0]",smooth,smooth,3.84806960650035,nan,3.84806960650035,2.456919824468156,0.8,1.2,2.4992805110969174,1.999424408877534,2.999136613316301,1.999424408877534,0.0061402332310890526,0.0061402332310890526,0.0061402332310890526,0.4347167554991468,5,200,1000,300,300,10000,10000,10000,1,3.9472082307652165,0.37434134944258407,0.941,1.3720653680172388,7.338060833027917,1.4272548834942864,3.8644225977091655,0.038207765167945176,7.338060833027917,1.4272548834942864,3.8644225977091655,0.038207765167945176,3.943050836440595,0.41424546602592677,0.947,1.5446190953000773,9.275496201342898,4.152332051523538,3.3301305030285535,0.586194268471763,0.489,1.060454603568811,10000.0
