A,b,h,method,family,repetitions,coverage,bias,absolute_bias,rmse,empirical_sd,mean_estimated_se,sd_over_mean_se,mean_width,fallback_rate,selected_lambda_mean,negative_weight_fraction,normalized_linear_imbalance,normalized_quadratic_imbalance,effective_sample_size
2.0,0.0,0.08,NW_FIXED_H_LO,NW,500,0.942,0.009205939603314804,0.1391967804789158,0.1759764145667204,0.1759114516950311,0.178475644033889,0.9856328164398107,0.6996116688480267,,,0.0,0.001611473152200443,0.007689868297649444,726.672313317538
2.0,0.0,0.08,NW_FIXED_H_PPCI,NW,500,0.954,0.010618168027793935,0.1375819629665982,0.17501250202071283,0.17486505066241761,0.1808054422059431,0.9671448410454415,0.7087443098649734,,,0.0,0.001611473152200443,0.007689868297649444,726.672313317538
2.0,0.0,0.08,RKHS_LOCALIZATION_FIXED_H_LO,RKHS_LOCALIZATION,500,0.876,0.04851426775853752,0.3745442130751192,0.8461239333397893,0.8455779565216679,1.1413011589227962,0.7408894224901662,4.473818334005009,0.0,0.0005718263704932404,0.48511800000000005,0.00025198135548964626,4.6548064495090464e-05,156.70020886734233
2.0,0.0,0.08,RKHS_LOCALIZATION_FIXED_H_PPCI,RKHS_LOCALIZATION,500,0.98,0.0021910501996809835,0.29667951856805197,0.380568410773756,0.3809432373438868,0.37267081977106725,1.0221976530867143,1.4608427696806185,0.0,0.0005718263704932404,0.48511800000000005,0.00025198135548964626,4.6548064495090464e-05,156.70020886734233
2.0,0.0,0.2,NW_FIXED_H_LO,NW,500,0.896,0.09028712909312454,0.11803795735842389,0.14528983740968796,0.11394445072207658,0.115813246868362,0.9838637099224964,0.4539795855892714,,,0.0,0.0026161968488924016,0.04756331123781401,1816.9184273419298
2.0,0.0,0.2,NW_FIXED_H_PPCI,NW,500,0.898,0.08998947395129034,0.11785637858747355,0.14540223071452982,0.11432341387770356,0.11616964981664347,0.9841074158194165,0.4553766594745026,,,0.0,0.0026161968488924016,0.04756331123781401,1816.9184273419298
2.0,0.0,0.2,RKHS_LOCALIZATION_FIXED_H_LO,RKHS_LOCALIZATION,500,0.932,-0.004215120305319209,0.21412261719192613,0.2753022661220507,0.27554567921747375,0.26475598837626196,1.0407533401128508,1.0378244038175573,0.0,0.0006175207796467599,0.4868292,0.0002460727875845004,0.00012736907767938244,329.95555366860197
2.0,0.0,0.2,RKHS_LOCALIZATION_FIXED_H_PPCI,RKHS_LOCALIZATION,500,0.968,0.0016708609073552898,0.20418160507364214,0.2601207136393622,0.2603758534468888,0.26564070998566663,0.9801805358107124,1.0412924487991124,0.0,0.0006175207796467599,0.4868292,0.0002460727875845004,0.00012736907767938244,329.95555366860197
2.0,0.0,0.4,NW_FIXED_H_LO,NW,500,0.096,0.2923204237858276,0.2923204237858276,0.30535525375557787,0.08835277732096555,0.08817253894030738,1.0020441555026582,0.34563000149691586,,,0.0,0.003679130193112084,0.1477053743685404,3415.1933173708044
2.0,0.0,0.4,NW_FIXED_H_PPCI,NW,500,0.078,0.29243877800441703,0.29243877800441703,0.30505015898126114,0.08689223864102077,0.08548686375522012,1.0164396589612266,0.33510234822302787,,,0.0,0.003679130193112084,0.1477053743685404,3415.1933173708044
2.0,0.0,0.4,RKHS_LOCALIZATION_FIXED_H_LO,RKHS_LOCALIZATION,500,0.938,-0.008015410488313845,0.15892460772577277,0.19980075055076016,0.199839848492341,0.2021606894900263,0.9885198205272256,0.7924553409804732,0.0,0.0006477148615292768,0.4478836,0.00024200740972724405,0.00025883686957196985,581.0579096041389
2.0,0.0,0.4,RKHS_LOCALIZATION_FIXED_H_PPCI,RKHS_LOCALIZATION,500,0.952,-0.005375075148668052,0.15585009690478588,0.19604755476025681,0.196170124458548,0.20274956581544398,0.9675489250473414,0.7947636937588071,0.0,0.0006477148615292768,0.4478836,0.00024200740972724405,0.00025883686957196985,581.0579096041389
2.0,0.0,0.6,NW_FIXED_H_LO,NW,500,0.0,0.42943807348861035,0.42943807348861035,0.43725065830214077,0.08236897790484309,0.08210970676588449,1.0031576186199014,0.3218641360845568,,,0.0,0.004582395667225475,0.21662304150822637,4296.455882295873
2.0,0.0,0.6,NW_FIXED_H_PPCI,NW,500,0.0,0.43055289536158237,0.43055289536158237,0.4376665563814103,0.0786676303357728,0.07648766439087674,1.0285008826227942,0.2998261349354103,,,0.0,0.004582395667225475,0.21662304150822637,4296.455882295873
2.0,0.0,0.6,RKHS_LOCALIZATION_FIXED_H_LO,RKHS_LOCALIZATION,500,0.932,-0.01087852588938873,0.1347171553182149,0.16963020191073622,0.169450553421524,0.17286761873635864,0.9802330515118275,0.6776286136329288,0.0,0.0006610942315475772,0.4181516,0.00021314678862818147,0.00045884203658660917,810.1002330742261
2.0,0.0,0.6,RKHS_LOCALIZATION_FIXED_H_PPCI,RKHS_LOCALIZATION,500,0.944,-0.007880144922168517,0.13276479173681857,0.1676668114419659,0.1676492634226996,0.17283940158152897,0.9699713253382148,0.6775180044185038,0.0,0.0006610942315475772,0.4181516,0.00021314678862818147,0.00045884203658660917,810.1002330742261
2.0,2.0,0.08,NW_FIXED_H_LO,NW,500,0.938,0.009096230281408971,0.14127265178018225,0.17858752301954,0.17853434122014772,0.1797866399749803,0.9930345282886045,0.7047506785048611,,,0.0,0.001611473152200443,0.007689868297649444,726.672313317538
2.0,2.0,0.08,NW_FIXED_H_PPCI,NW,500,0.954,0.010539326167008888,0.13742475619911562,0.1749297158876173,0.17478681003551924,0.18085309191232374,0.9664574057724964,0.7089310932817333,,,0.0,0.001611473152200443,0.007689868297649444,726.672313317538
2.0,2.0,0.08,RKHS_LOCALIZATION_FIXED_H_LO,RKHS_LOCALIZATION,500,0.876,0.0512759202255851,0.3763905855534096,0.8689908768378166,0.8683455372006752,1.1629752788236434,0.7466586375584974,4.558779322809536,0.0,0.0005718263704932404,0.48511800000000005,0.00025198135548964626,4.6548064495090464e-05,156.70020886734233
2.0,2.0,0.08,RKHS_LOCALIZATION_FIXED_H_PPCI,RKHS_LOCALIZATION,500,0.98,0.00217766757732453,0.29667245810441895,0.380558620774298,0.38093351427007166,0.3726822943918064,1.022140090909687,1.4608877493673886,0.0,0.0005718263704932404,0.48511800000000005,0.00025198135548964626,4.6548064495090464e-05,156.70020886734233
2.0,2.0,0.2,NW_FIXED_H_LO,NW,500,0.894,0.09034149389990967,0.12089307409714554,0.14924610861509366,0.11891634711806753,0.12038519803250475,0.9877987415525901,0.47190130483086296,,,0.0,0.0026161968488924016,0.04756331123781401,1816.9184273419298
2.0,2.0,0.2,NW_FIXED_H_PPCI,NW,500,0.898,0.09004673915283123,0.11783229031751455,0.1453377792876151,0.11419604340280444,0.11635082731828783,0.9814802871182962,0.4560868622305663,,,0.0,0.0026161968488924016,0.04756331123781401,1816.9184273419298
2.0,2.0,0.2,RKHS_LOCALIZATION_FIXED_H_LO,RKHS_LOCALIZATION,500,0.922,-0.00429820377247344,0.2147794155437154,0.2775580013540072,0.2778026605278539,0.26573753521633514,1.0454024129549355,1.0416719967289223,0.0,0.0006175207796467599,0.4868292,0.0002460727875845004,0.00012736907767938244,329.95555366860197
2.0,2.0,0.2,RKHS_LOCALIZATION_FIXED_H_PPCI,RKHS_LOCALIZATION,500,0.968,0.0016994307606591087,0.2042075159820509,0.2601612384086316,0.26041623439346845,0.2656726639979041,0.9802146388516767,1.0414177062254064,0.0,0.0006175207796467599,0.4868292,0.0002460727875845004,0.00012736907767938244,329.95555366860197
2.0,2.0,0.4,NW_FIXED_H_LO,NW,500,0.17,0.29272097212083054,0.29324437685032173,0.30930105320991763,0.10000788544761678,0.09973994638728109,1.0026863766228158,0.3909734054780537,,,0.0,0.003679130193112084,0.1477053743685404,3415.1933173708044
2.0,2.0,0.4,NW_FIXED_H_PPCI,NW,500,0.084,0.2927551650431708,0.2927551650431708,0.3054660725059021,0.08728787509731736,0.0859925159242313,1.0150636268652429,0.3370844683029609,,,0.0,0.003679130193112084,0.1477053743685404,3415.1933173708044
2.0,2.0,0.4,RKHS_LOCALIZATION_FIXED_H_LO,RKHS_LOCALIZATION,500,0.938,-0.007870730608603573,0.1628535221796984,0.20373771893458656,0.20378952391246294,0.20420216455433468,0.9979792543199906,0.8004577761832352,0.0,0.0006477148615292768,0.4478836,0.00024200740972724405,0.00025883686957196985,581.0579096041389
2.0,2.0,0.4,RKHS_LOCALIZATION_FIXED_H_PPCI,RKHS_LOCALIZATION,500,0.952,-0.005304356068174244,0.15584983910057276,0.19608459133076547,0.1962091405049487,0.20282361230544688,0.9673880583956026,0.7950539506659817,0.0,0.0006477148615292768,0.4478836,0.00024200740972724405,0.00025883686957196985,581.0579096041389
2.0,2.0,0.6,NW_FIXED_H_LO,NW,500,0.006,0.42962649820264864,0.42962649820264864,0.441378411703159,0.10127431724974367,0.10014570522958735,1.0112696996598,0.39256395091271146,,,0.0,0.004582395667225475,0.21662304150822637,4296.455882295873
2.0,2.0,0.6,NW_FIXED_H_PPCI,NW,500,0.0,0.4310232293838832,0.4310232293838832,0.43824483677914217,0.07931010579255948,0.07734521662632143,1.0254041458792602,0.3031876779280771,,,0.0,0.004582395667225475,0.21662304150822637,4296.455882295873
2.0,2.0,0.6,RKHS_LOCALIZATION_FIXED_H_LO,RKHS_LOCALIZATION,500,0.94,-0.01072275091641239,0.13905506179562704,0.17476288533878248,0.17460831834248272,0.17614390485828132,0.9912822046437878,0.6904714192369624,0.0,0.0006610942315475772,0.4181516,0.00021314678862818147,0.00045884203658660917,810.1002330742261
2.0,2.0,0.6,RKHS_LOCALIZATION_FIXED_H_PPCI,RKHS_LOCALIZATION,500,0.946,-0.007840806423758676,0.1327996039616566,0.16770597161082018,0.16769035386124803,0.17296120794049305,0.9695258021032181,0.6779954765718191,0.0,0.0006610942315475772,0.4181516,0.00021314678862818147,0.00045884203658660917,810.1002330742261
4.0,0.0,0.08,NW_FIXED_H_LO,NW,500,0.936,0.024948030204053225,0.140790879104731,0.1775053086785392,0.17591937258102,0.17852485717441663,0.9854054800287497,0.6998045808140273,,,0.0,0.001611473152200443,0.007689868297649444,726.672313317538
4.0,0.0,0.08,NW_FIXED_H_PPCI,NW,500,0.956,0.025997904623092823,0.13906997381407818,0.17660255496993688,0.17485342094093453,0.18080710305388112,0.9670716359457827,0.7087508202692581,,,0.0,0.001611473152200443,0.007689868297649444,726.672313317538
4.0,0.0,0.08,RKHS_LOCALIZATION_FIXED_H_LO,RKHS_LOCALIZATION,500,0.876,0.048464596880294274,0.37449985406367603,0.8453928148903926,0.8448477553838245,1.1385790095061352,0.7420194367980504,4.463147704370624,0.0,0.0005718263704932404,0.48511800000000005,0.00025198135548964626,4.6548064495090464e-05,156.70020886734233
4.0,0.0,0.08,RKHS_LOCALIZATION_FIXED_H_PPCI,RKHS_LOCALIZATION,500,0.98,0.00228388667197345,0.29668148091062474,0.38056824757991803,0.38094252761592823,0.3726708674406389,1.0221956178976264,1.4608429565419057,0.0,0.0005718263704932404,0.48511800000000005,0.00025198135548964626,4.6548064495090464e-05,156.70020886734233
4.0,0.0,0.2,NW_FIXED_H_LO,NW,500,0.652,0.18629480349661337,0.19171959110030512,0.2187891703287112,0.11484479045683428,0.11713664611790749,0.980434341113316,0.4591672153218244,,,0.0,0.0026161968488924016,0.04756331123781401,1816.9184273419298
4.0,0.0,0.2,NW_FIXED_H_PPCI,NW,500,0.652,0.18511609642691831,0.190495354292578,0.2174989758176327,0.11429769574179005,0.11621930374890627,0.9834656726969567,0.4555712993123543,,,0.0,0.0026161968488924016,0.04756331123781401,1816.9184273419298
4.0,0.0,0.2,RKHS_LOCALIZATION_FIXED_H_LO,RKHS_LOCALIZATION,500,0.93,-0.00425559950674782,0.21424990683457373,0.27546896270711213,0.27571193923121967,0.26479354371051034,1.0412336168311038,1.0379716180226655,0.0,0.0006175207796467599,0.4868292,0.0002460727875845004,0.00012736907767938244,329.95555366860197
4.0,0.0,0.2,RKHS_LOCALIZATION_FIXED_H_PPCI,RKHS_LOCALIZATION,500,0.968,0.0019255990627140545,0.20418107390688117,0.2601304178543459,0.2603838048207917,0.2656415755867278,0.9802072745792026,1.041295841892922,0.0,0.0006175207796467599,0.4868292,0.0002460727875845004,0.00012736907767938244,329.95555366860197
4.0,0.0,0.4,NW_FIXED_H_LO,NW,500,0.0,0.5877937199681021,0.5877937199681021,0.5954459952186583,0.09525030829587787,0.09700096217497887,0.9819522008870075,0.3802367846573814,,,0.0,0.003679130193112084,0.1477053743685404,3415.1933173708044
4.0,0.0,0.4,NW_FIXED_H_PPCI,NW,500,0.0,0.5878495267414978,0.5878495267414978,0.5942844672030975,0.08730524773018494,0.08586571381141331,1.0167649444099804,0.3365874131543872,,,0.0,0.003679130193112084,0.1477053743685404,3415.1933173708044
4.0,0.0,0.4,RKHS_LOCALIZATION_FIXED_H_LO,RKHS_LOCALIZATION,500,0.938,-0.007710491249073463,0.1589170601975132,0.19998523932080745,0.20003668068165614,0.20231477049126076,0.9887398739890668,0.7930593274067159,0.0,0.0006477148615292768,0.4478836,0.00024200740972724405,0.00025883686957196985,581.0579096041389
4.0,0.0,0.4,RKHS_LOCALIZATION_FIXED_H_PPCI,RKHS_LOCALIZATION,500,0.952,-0.004857401409524111,0.1558219290538173,0.19602630779976563,0.19616237752910456,0.20275556752679924,0.9674820766792349,0.7947872200350108,0.0,0.0006477148615292768,0.4478836,0.00024200740972724405,0.00025883686957196985,581.0579096041389
4.0,0.0,0.6,NW_FIXED_H_LO,NW,500,0.0,0.861660599034048,0.861660599034048,0.8669691484858598,0.09589007410157155,0.09804062943457777,0.9780646519161601,0.3843122054268198,,,0.0,0.004582395667225475,0.21662304150822637,4296.455882295873
4.0,0.0,0.6,NW_FIXED_H_PPCI,NW,500,0.0,0.8637989783780351,0.8637989783780351,0.8674577826917663,0.079668210429786,0.0772377306528921,1.0314675192596805,0.30276634065454777,,,0.0,0.004582395667225475,0.21662304150822637,4296.455882295873
4.0,0.0,0.6,RKHS_LOCALIZATION_FIXED_H_LO,RKHS_LOCALIZATION,500,0.928,-0.011119248698625227,0.13559040895958846,0.1706872164900862,0.1704952358055099,0.17340870376795123,0.9831988366262168,0.6797496279819193,0.0,0.0006610942315475772,0.4181516,0.00021314678862818147,0.00045884203658660917,810.1002330742261
4.0,0.0,0.6,RKHS_LOCALIZATION_FIXED_H_PPCI,RKHS_LOCALIZATION,500,0.942,-0.006962460848995303,0.13271292774374555,0.16763493148024936,0.16765802341954292,0.17285882275931647,0.9699130234907651,0.6775941340365059,0.0,0.0006610942315475772,0.4181516,0.00021314678862818147,0.00045884203658660917,810.1002330742261
4.0,2.0,0.08,NW_FIXED_H_LO,NW,500,0.944,0.024838320882147394,0.14304981921069207,0.18010439519581511,0.1785620895494179,0.17983495733096327,0.9929220225008711,0.7049400790599707,,,0.0,0.001611473152200443,0.007689868297649444,726.672313317538
4.0,2.0,0.08,NW_FIXED_H_PPCI,NW,500,0.956,0.025919062762307776,0.13891967958783388,0.1765128358439705,0.17477435611185255,0.18085475144558197,0.9663796760376574,0.708937598532568,,,0.0,0.001611473152200443,0.007689868297649444,726.672313317538
4.0,2.0,0.08,RKHS_LOCALIZATION_FIXED_H_LO,RKHS_LOCALIZATION,500,0.876,0.051226249347341865,0.3763451737971314,0.8687068315465953,0.8680636494823601,1.1602527918405268,0.7481676886166656,4.548107369938961,0.0,0.0005718263704932404,0.48511800000000005,0.00025198135548964626,4.6548064495090464e-05,156.70020886734233
4.0,2.0,0.08,RKHS_LOCALIZATION_FIXED_H_PPCI,RKHS_LOCALIZATION,500,0.98,0.0022705040496169885,0.29667442044699166,0.38055845756438167,0.38093280778009714,0.37268234449902965,1.0221380577933146,1.4608879457840942,0.0,0.0005718263704932404,0.48511800000000005,0.00025198135548964626,4.6548064495090464e-05,156.70020886734233
4.0,2.0,0.2,NW_FIXED_H_LO,NW,500,0.658,0.18634916830339848,0.19321752365982453,0.22142163052154945,0.1197087561879638,0.12165526755967825,0.9839997773153589,0.47687988589310676,,,0.0,0.0026161968488924016,0.04756331123781401,1816.9184273419298
4.0,2.0,0.2,NW_FIXED_H_PPCI,NW,500,0.646,0.18517336162845924,0.19052129688242497,0.2174806631305092,0.11416976152991423,0.1164004664651148,0.9808359450529426,0.45628144411057475,,,0.0,0.0026161968488924016,0.04756331123781401,1816.9184273419298
4.0,2.0,0.2,RKHS_LOCALIZATION_FIXED_H_LO,RKHS_LOCALIZATION,500,0.92,-0.00433868297390205,0.21482350831921798,0.27772659071337374,0.2779708088279175,0.2657748277459406,1.0458883980300622,1.0418181807587605,0.0,0.0006175207796467599,0.4868292,0.0002460727875845004,0.00012736907767938244,329.95555366860197
4.0,2.0,0.2,RKHS_LOCALIZATION_FIXED_H_PPCI,RKHS_LOCALIZATION,500,0.968,0.0019541689160178705,0.20420698481528995,0.26017097689423546,0.260424192351387,0.2656735299170183,0.9802413979018876,1.0414211005659608,0.0,0.0006175207796467599,0.4868292,0.0002460727875845004,0.00012736907767938244,329.95555366860197
4.0,2.0,0.4,NW_FIXED_H_LO,NW,500,0.0,0.5881942683031047,0.5881942683031047,0.5976604272416229,0.10605651793268704,0.10761729219016573,0.9854969937849698,0.42185203361289697,,,0.0,0.003679130193112084,0.1477053743685404,3415.1933173708044
4.0,2.0,0.4,NW_FIXED_H_PPCI,NW,500,0.0,0.5881659137802516,0.5881659137802516,0.5946567086766273,0.08770886346671083,0.08636941965941988,1.0155083108416472,0.3385619037961774,,,0.0,0.003679130193112084,0.1477053743685404,3415.1933173708044
4.0,2.0,0.4,RKHS_LOCALIZATION_FIXED_H_LO,RKHS_LOCALIZATION,500,0.94,-0.007565811369363197,0.16282747839474473,0.20385671035840647,0.2039202879169277,0.20434866846047992,0.9979036783220584,0.8010320609425134,0.0,0.0006477148615292768,0.4478836,0.00024200740972724405,0.00025883686957196985,581.0579096041389
4.0,2.0,0.4,RKHS_LOCALIZATION_FIXED_H_PPCI,RKHS_LOCALIZATION,500,0.952,-0.004786682329030306,0.15582403549245522,0.19606360571226625,0.1962014658139716,0.20282963361970632,0.9673215018562714,0.795077553784158,0.0,0.0006477148615292768,0.4478836,0.00024200740972724405,0.00025883686957196985,581.0579096041389
4.0,2.0,0.6,NW_FIXED_H_LO,NW,500,0.0,0.8618490237480863,0.8618490237480863,0.8691734933677533,0.1127130440462458,0.11354523312520075,0.9926708585111862,0.44508913508319564,,,0.0,0.004582395667225475,0.21662304150822637,4296.455882295873
4.0,2.0,0.6,NW_FIXED_H_PPCI,NW,500,0.0,0.8642693124003358,0.8642693124003358,0.8679861734011011,0.08032095473833105,0.0780874856940213,1.0286021380309438,0.30609731920713695,,,0.0,0.004582395667225475,0.21662304150822637,4296.455882295873
4.0,2.0,0.6,RKHS_LOCALIZATION_FIXED_H_LO,RKHS_LOCALIZATION,500,0.932,-0.010963473725648895,0.13991260294776958,0.1758117746403115,0.17564533844049046,0.17667388619626292,0.9941782694776415,0.692548907906807,0.0,0.0006610942315475772,0.4181516,0.00021314678862818147,0.00045884203658660917,810.1002330742261
4.0,2.0,0.6,RKHS_LOCALIZATION_FIXED_H_PPCI,RKHS_LOCALIZATION,500,0.942,-0.006923122350585457,0.13274748871372918,0.16767435047029663,0.16769914785393683,0.17298063713349474,0.9694677429388701,0.6780716376088831,0.0,0.0006610942315475772,0.4181516,0.00021314678862818147,0.00045884203658660917,810.1002330742261
8.0,0.0,0.08,NW_FIXED_H_LO,NW,500,0.924,0.05643221140553007,0.14728912476942815,0.1847064712128902,0.17605077043666262,0.17873744314087112,0.9849686072655128,0.7006379024897662,,,0.0,0.001611473152200443,0.007689868297649444,726.672313317538
8.0,0.0,0.08,NW_FIXED_H_PPCI,NW,500,0.95,0.056757377813690606,0.1455263689268744,0.1836502404822572,0.17483462238147063,0.18081481363152738,0.9669264308053683,0.7087810451782315,,,0.0,0.001611473152200443,0.007689868297649444,726.672313317538
8.0,0.0,0.08,RKHS_LOCALIZATION_FIXED_H_LO,RKHS_LOCALIZATION,500,0.876,0.04836525512380777,0.3744111360407895,0.8442805733401244,0.8437382752789396,1.133140883279879,0.7446013886964674,4.441830641276936,0.0,0.0005718263704932404,0.48511800000000005,0.00025198135548964626,4.6548064495090464e-05,156.70020886734233
8.0,0.0,0.08,RKHS_LOCALIZATION_FIXED_H_PPCI,RKHS_LOCALIZATION,500,0.98,0.002469559616558371,0.2966854055957701,0.3805679999206152,0.3809411189555412,0.3726710624999791,1.0221913029685865,1.4608437211604692,0.0,0.0005718263704932404,0.48511800000000005,0.00025198135548964626,4.6548064495090464e-05,156.70020886734233
8.0,0.0,0.2,NW_FIXED_H_LO,NW,500,0.128,0.37831015230359105,0.37831015230359105,0.3965532370493314,0.11901355776633774,0.12221865059143172,0.9737757469127328,0.4790883067965823,,,0.0,0.0026161968488924016,0.04756331123781401,1816.9184273419298
8.0,0.0,0.2,NW_FIXED_H_PPCI,NW,500,0.098,0.37536934137817435,0.37536934137817435,0.3923649188059738,0.11434262343501657,0.11642066332840882,0.9821505922232178,0.45636061435988856,,,0.0,0.0026161968488924016,0.04756331123781401,1816.9184273419298
8.0,0.0,0.2,RKHS_LOCALIZATION_FIXED_H_LO,RKHS_LOCALIZATION,500,0.93,-0.004336557909605043,0.21450588128455705,0.2758459242634554,0.27608806101155997,0.26491698373989003,1.0421682185640402,1.0384554940463353,0.0,0.0006175207796467599,0.4868292,0.0002460727875845004,0.00012736907767938244,329.95555366860197
8.0,0.0,0.2,RKHS_LOCALIZATION_FIXED_H_PPCI,RKHS_LOCALIZATION,500,0.968,0.0024350753734315857,0.20418001157335927,0.2601506460569959,0.2603997794585899,0.265644708057652,0.9802558513684985,1.0413081209533102,0.0,0.0006175207796467599,0.4868292,0.0002460727875845004,0.00012736907767938244,329.95555366860197
8.0,0.0,0.4,NW_FIXED_H_LO,NW,500,0.0,1.1787403123326508,1.1787403123326508,1.1848433769836284,0.12022483972985717,0.1261260428031943,0.9532118590088067,0.49440500281363625,,,0.0,0.003679130193112084,0.1477053743685404,3415.1933173708044
8.0,0.0,0.4,NW_FIXED_H_PPCI,NW,500,0.0,1.178671024215659,1.178671024215659,1.1820082187795988,0.08884724871450368,0.08736732060826566,1.0169391495119058,0.34247360363592955,,,0.0,0.003679130193112084,0.1477053743685404,3415.1933173708044
8.0,0.0,0.4,RKHS_LOCALIZATION_FIXED_H_LO,RKHS_LOCALIZATION,500,0.938,-0.007100652770592712,0.1592251832844599,0.20068148665521846,0.2007566843445022,0.20293850864173255,0.9892488403909475,0.7955043360281325,0.0,0.0006477148615292768,0.4478836,0.00024200740972724405,0.00025883686957196985,581.0579096041389
8.0,0.0,0.4,RKHS_LOCALIZATION_FIXED_H_PPCI,RKHS_LOCALIZATION,500,0.952,-0.003822053931236238,0.15577953930344154,0.19598824717960736,0.19614722124232037,0.202778491480274,0.9672979605009109,0.7948770802813984,0.0,0.0006477148615292768,0.4478836,0.00024200740972724405,0.00025883686957196985,581.0579096041389
8.0,0.0,0.6,NW_FIXED_H_LO,NW,500,0.0,1.7261056501249232,1.7261056501249232,1.731636789163037,0.13843258775444947,0.14514652509299564,0.9537437266634903,0.5689639233268212,,,0.0,0.004582395667225475,0.21662304150822637,4296.455882295873
8.0,0.0,0.6,NW_FIXED_H_PPCI,NW,500,0.0,1.7302911444109403,1.7302911444109403,1.7322794765649525,0.08305743540692813,0.08016914867111093,1.0360274093425417,0.3142572881332291,,,0.0,0.004582395667225475,0.21662304150822637,4296.455882295873
8.0,0.0,0.6,RKHS_LOCALIZATION_FIXED_H_LO,RKHS_LOCALIZATION,500,0.926,-0.011600694317098236,0.1378118230769511,0.17375512925964712,0.17354106672219138,0.1755035709667784,0.9888178671591901,0.6879613565061102,0.0,0.0006610942315475772,0.4181516,0.00021314678862818147,0.00045884203658660917,810.1002330742261
8.0,0.0,0.6,RKHS_LOCALIZATION_FIXED_H_PPCI,RKHS_LOCALIZATION,500,0.942,-0.005127092702648867,0.1326160096965496,0.1675868633596925,0.1676761768759718,0.17293426052712482,0.9695948990377862,0.6778898446524629,0.0,0.0006610942315475772,0.4181516,0.00021314678862818147,0.00045884203658660917,810.1002330742261
8.0,2.0,0.08,NW_FIXED_H_LO,NW,500,0.922,0.05632250208362423,0.149525283851077,0.18722512224134308,0.17873139618234,0.18004486297988803,0.9927047804874346,0.7057628940840587,,,0.0,0.001611473152200443,0.007689868297649444,726.672313317538
8.0,2.0,0.08,NW_FIXED_H_PPCI,NW,500,0.95,0.05667853595290555,0.14538714591601348,0.183549197608049,0.17475391086759934,0.18086245804460271,0.966225455282174,0.7089678078456157,,,0.0,0.001611473152200443,0.007689868297649444,726.672313317538
8.0,2.0,0.08,RKHS_LOCALIZATION_FIXED_H_LO,RKHS_LOCALIZATION,500,0.876,0.05112690759085536,0.37625784591352085,0.8684805482726001,0.8678426145652118,1.1548139752920734,0.75149992391261,4.526787600831982,0.0,0.0005718263704932404,0.48511800000000005,0.00025198135548964626,4.6548064495090464e-05,156.70020886734233
8.0,2.0,0.08,RKHS_LOCALIZATION_FIXED_H_PPCI,RKHS_LOCALIZATION,500,0.98,0.0024561769942019114,0.2966783451321371,0.3805582098749475,0.3809314055959897,0.37268254442276816,1.0221337470634635,1.4608887294707487,0.0,0.0005718263704932404,0.48511800000000005,0.00025198135548964626,4.6548064495090464e-05,156.70020886734233
8.0,2.0,0.2,NW_FIXED_H_LO,NW,500,0.154,0.3783645171103761,0.3783645171103761,0.3979955450491386,0.12357705550824952,0.12654683085037946,0.9765322029625443,0.4960544616488519,,,0.0,0.0026161968488924016,0.04756331123781401,1816.9184273419298
8.0,2.0,0.2,NW_FIXED_H_PPCI,NW,500,0.096,0.3754266065797152,0.3754266065797152,0.39238222409855755,0.11421366987073403,0.11660162852331905,0.9795203662004819,0.4570699848888472,,,0.0,0.0026161968488924016,0.04756331123781401,1816.9184273419298
8.0,2.0,0.2,RKHS_LOCALIZATION_FIXED_H_LO,RKHS_LOCALIZATION,500,0.92,-0.004419641376759273,0.21497152940864317,0.2781069766985271,0.2783503459467462,0.26589746722958624,1.046833385992382,1.0422989187008165,0.0,0.0006175207796467599,0.4868292,0.0002460727875845004,0.00012736907767938244,329.95555366860197
8.0,2.0,0.2,RKHS_LOCALIZATION_FIXED_H_PPCI,RKHS_LOCALIZATION,500,0.968,0.0024636452267354034,0.2042081077810767,0.2601912735024399,0.260440180144858,0.2656766627949804,0.9802900164619902,1.0414333812219083,0.0,0.0006175207796467599,0.4868292,0.0002460727875845004,0.00012736907767938244,329.95555366860197
8.0,2.0,0.4,NW_FIXED_H_LO,NW,500,0.0,1.1791408606676537,1.1791408606676537,1.1861405338941964,0.12879975000736057,0.13445748236914853,0.9579217737674514,0.5270636457909208,,,0.0,0.003679130193112084,0.1477053743685404,3415.1933173708044
8.0,2.0,0.4,NW_FIXED_H_PPCI,NW,500,0.0,1.178987411254413,1.178987411254413,1.1823549826481439,0.0892632340126819,0.08786285162780068,1.0159382760624869,0.3444160495389516,,,0.0,0.003679130193112084,0.1477053743685404,3415.1933173708044
8.0,2.0,0.4,RKHS_LOCALIZATION_FIXED_H_LO,RKHS_LOCALIZATION,500,0.942,-0.006955972890882439,0.16316196263091667,0.20441626630470833,0.20450248630495563,0.20495376795911435,0.9977981295067054,0.8034040073912868,0.0,0.0006477148615292768,0.4478836,0.00024200740972724405,0.00025883686957196985,581.0579096041389
8.0,2.0,0.4,RKHS_LOCALIZATION_FIXED_H_PPCI,RKHS_LOCALIZATION,500,0.952,-0.0037513348507424286,0.1557869358779074,0.19602606708965953,0.19618645395364867,0.20285259217009774,0.9671380180793583,0.7951675496479668,0.0,0.0006477148615292768,0.4478836,0.00024200740972724405,0.00025883686957196985,581.0579096041389
8.0,2.0,0.6,NW_FIXED_H_LO,NW,500,0.0,1.7262940748389615,1.7262940748389615,1.7328570664539524,0.15082398909545242,0.15600754839224504,0.9667736635168462,0.6115383523303797,,,0.0,0.004582395667225475,0.21662304150822637,4296.455882295873
8.0,2.0,0.6,NW_FIXED_H_PPCI,NW,500,0.0,1.730761478433241,1.730761478433241,1.732781035658986,0.08371881503575392,0.08098879769390675,1.0337085796996905,0.3174702532625156,,,0.0,0.004582395667225475,0.21662304150822637,4296.455882295873
8.0,2.0,0.6,RKHS_LOCALIZATION_FIXED_H_LO,RKHS_LOCALIZATION,500,0.93,-0.011444919344121899,0.14210331117849812,0.17883647907472472,0.17864862364572534,0.17872700567032812,0.9995614427472289,0.7005969883570583,0.0,0.0006610942315475772,0.4181516,0.00021314678862818147,0.00045884203658660917,810.1002330742261
8.0,2.0,0.6,RKHS_LOCALIZATION_FIXED_H_PPCI,RKHS_LOCALIZATION,500,0.942,-0.005087754204239019,0.13265012244288668,0.1676267965477394,0.16771736913579982,0.17305606265467527,0.9691504970298062,0.6783673002189412,0.0,0.0006610942315475772,0.4181516,0.00021314678862818147,0.00045884203658660917,810.1002330742261
