dataset,sex,age,reference,kernel,bandwidth,bandwidth_over_h0,ess,theta0
income,1,70,matern52_0.8h0,matern52,1.0833029730932935,0.8,122870.75821224303,7.188573395937842
income,1,70,matern52_h0,matern52,1.3541287163666167,1.0,141847.48767048374,6.886993353152678
income,1,70,matern52_1.2h0,matern52,1.62495445963994,1.2,155570.1482602345,6.618107050477001
income,1,70,gaussian_ess_matched,gaussian,1.3063915254638891,0.9647469326026735,141847.48767048377,6.967905707545881
income,1,71,matern52_0.8h0,matern52,1.1182482302898513,0.8,123718.61636909966,7.153436818494457
income,1,71,matern52_h0,matern52,1.397810287862314,1.0,142835.22156874408,6.85268486576419
income,1,71,matern52_1.2h0,matern52,1.6773723454347766,1.2,156494.3359532835,6.586370468653638
income,1,71,gaussian_ess_matched,gaussian,1.3462072355752224,0.9630829356922185,142835.22156874413,6.934030555873068
income,1,72,matern52_0.8h0,matern52,1.1531934874864092,0.8,124558.20142184339,7.119787103468729
income,1,72,matern52_h0,matern52,1.4414918593580113,1.0,143800.44211941838,6.819842917392506
income,1,72,matern52_1.2h0,matern52,1.7297902312296134,1.2,157385.25647845503,6.556085357256946
income,1,72,gaussian_ess_matched,gaussian,1.3860099148228013,0.9615107472338279,143800.44211941838,6.901482813218666
income,1,73,matern52_0.8h0,matern52,1.188138744682967,0.8,125394.1082905673,7.087517792054701
income,1,73,matern52_h0,matern52,1.4851734308537086,1.0,144745.89654094644,6.788370014178103
income,1,73,matern52_1.2h0,matern52,1.7822081170244501,1.2,158245.4917244584,6.527153687404221
income,1,73,gaussian_ess_matched,gaussian,1.4258157119655364,0.9600331397969784,144745.89654094647,6.870160097129707
income,1,74,matern52_0.8h0,matern52,1.2230840018795248,0.8,126229.7697205521,7.056532194295672
income,1,74,matern52_h0,matern52,1.5288550023494059,1.0,145673.58730339326,6.758177456728086
income,1,74,matern52_1.2h0,matern52,1.834626002819287,1.2,159077.11332312928,6.499486256614792
income,1,74,gaussian_ess_matched,gaussian,1.4656386248411293,0.9586511622023466,145673.5873033933,6.839972436978485
income,1,75,matern52_0.8h0,matern52,1.2580292590760827,0.8,127067.64620206758,7.026742441111072
income,1,75,matern52_h0,matern52,1.5725365738451031,1.0,146584.92711584884,6.729184392914373
income,1,75,matern52_1.2h0,matern52,1.8870438886141236,1.2,159881.7962811534,6.473001705084577
income,1,75,gaussian_ess_matched,gaussian,1.5054905910543648,0.9573644366014329,146584.9271158489,6.810840720780468
income,1,76,matern52_0.8h0,matern52,1.2929745162726405,0.8,127909.38967384497,6.998068586540379
income,1,76,matern52_h0,matern52,1.6162181453408004,1.0,147480.86705996163,6.701316969709773
income,1,76,matern52_1.2h0,matern52,1.9394617744089604,1.2,160660.9094719658,6.447625654780669
income,1,76,gaussian_ess_matched,gaussian,1.545381615481955,0.9561714301605564,147480.8670599617,6.782695282540459
income,1,77,matern52_0.8h0,matern52,1.3279197734691983,0.8,128755.98324799775,6.970437755652658
income,1,77,matern52_h0,matern52,1.6598997168364977,1.0,148362.0017123476,6.674507573728134
income,1,77,matern52_1.2h0,matern52,1.9918796602037971,1.2,161415.5872345728,6.423289954795654
income,1,77,gaussian_ess_matched,gaussian,1.5853199137053946,0.9550696934431435,148362.00171234764,6.755474642644256
income,1,78,matern52_0.8h0,matern52,1.3628650306657564,0.8000000000000002,129607.86106711227,6.9437833741243
income,1,78,matern52_h0,matern52,1.7035812883321952,1.0,149228.65514327076,6.648694160441111
income,1,78,matern52_1.2h0,matern52,2.044297545998634,1.2,162146.78576856668,6.399932021581311
income,1,78,gaussian_ess_matched,gaussian,1.6253120644147192,0.9540560673837281,149228.65514327082,6.7291243928749624
income,1,79,matern52_0.8h0,matern52,1.3978102878623142,0.8000000000000002,130465.01194466687,6.918044472485533
income,1,79,matern52_h0,matern52,1.7472628598278925,1.0,150080.95111694038,6.623819661164262
income,1,79,matern52_1.2h0,matern52,2.096715431793471,1.2,162855.32735205165,6.37749426060979
income,1,79,gaussian_ess_matched,gaussian,1.6653631674626919,0.9531268624497244,150080.95111694044,6.703596213361562
income,1,80,matern52_0.8h0,matern52,1.432755545058872,0.8,131327.06882351555,6.893165066369206
income,1,80,matern52_h0,matern52,1.7909444313235898,1.0,150918.87000924035,6.599831460900203
income,1,80,matern52_1.2h0,matern52,2.1491333175883076,1.2,163541.93475592724,6.355923559158584
income,1,80,gaussian_ess_matched,gaussian,1.705477001323852,0.9522780112521004,150918.87000924035,6.678847012855874
income,1,81,matern52_0.8h0,matern52,1.4677008022554299,0.8,132193.38612757134,6.869093657605527
income,1,81,matern52_h0,matern52,1.8346260028192871,1.0,151742.29467328102,6.576680952449955
income,1,81,matern52_1.2h0,matern52,2.2015512033831444,1.2,164207.25782346155,6.335170845415267
income,1,81,gaussian_ess_matched,gaussian,1.7456561773595392,0.9515051976135588,151742.29467328102,6.654838180208647
income,1,82,matern52_0.8h0,matern52,1.5026460594519877,0.8,133063.10650370453,6.845782836729963
income,1,82,matern52_h0,matern52,1.8783075743149844,1.0,152551.0470673809,6.554323155487662
income,1,82,matern52_1.2h0,matern52,2.253969089177981,1.2,164851.89379436275,6.315190704262289
income,1,82,gaussian_ess_matched,gaussian,1.78590228828537,0.950803964540624,152551.04706738092,6.6315349361009135
income,1,83,matern52_0.8h0,matern52,1.5375913166485455,0.8,133935.21809598687,6.823188951436353
income,1,83,matern52_h0,matern52,1.9219891458106817,1.0,153344.91714766654,6.532716385825616
income,1,83,matern52_1.2h0,matern52,2.306386974972818,1.2,165476.40264598592,6.295941039786368
income,1,83,gaussian_ess_matched,gaussian,1.8262160485350118,0.9501698032559526,153344.91714766654,6.60890577486182
income,1,84,matern52_0.8h0,matern52,1.5725365738451034,0.8,134808.60323393013,6.801271808779809
income,1,84,matern52_h0,matern52,1.965670717306379,1.0,154123.685274289,6.511821961855993
income,1,84,matern52_1.2h0,matern52,2.3588048607676546,1.2,166081.31847671964,6.277382775949003
income,1,84,gaussian_ess_matched,gaussian,1.8665974243834678,0.9495982251500015,154123.68527428902,6.586921987060813
income,1,85,matern52_0.8h0,matern52,1.6074818310416612,0.8,135682.07939479093,6.77999440029616
income,1,85,matern52_h0,matern52,2.0093522888020763,1.0,154887.1392169244,6.491603941585136
income,1,85,matern52_1.2h0,matern52,2.4112227465624914,1.2,166667.15776986466,6.259479589734695
income,1,85,gaussian_ess_matched,gaussian,1.907045752676979,0.9490848186775204,154887.1392169244,6.565557253585333
income,1,86,matern52_0.8h0,matern52,1.642427088238219,0.8,136554.43335302992,6.759322647359173
income,1,86,matern52_h0,matern52,2.0530338602977736,1.0,155635.0867206118,6.472028886351448
income,1,86,matern52_1.2h0,matern52,2.463640632357328,1.2,167234.42522742273,6.242197672534695
income,1,86,gaussian_ess_matched,gaussian,1.9475598482072318,0.9486252934594835,155635.08672061184,6.544787301867952
income,1,87,matern52_0.8h0,matern52,1.6773723454347769,0.8,137424.44946485586,6.7392251639209935
income,1,87,matern52_h0,matern52,2.096715431793471,1.0,156367.36447968232,6.453065647674777
income,1,87,matern52_1.2h0,matern52,2.516058518152165,1.2,167783.61773884692,6.225505516069955
income,1,87,gaussian_ess_matched,gaussian,1.9881381007893044,0.9482155139616193,156367.36447968232,6.524589615167839
income,1,88,matern52_0.8h0,matern52,1.7123176026313347,0.8,138290.93285398994,6.719673035123478
income,1,88,matern52_h0,matern52,2.140397003289168,1.0,157083.84421544077,6.434685174491138
income,1,88,matern52_1.2h0,matern52,2.5684764039470016,1.2,168315.22693116777,6.209373719820048
income,1,88,gaussian_ess_matched,gaussian,2.0287785628456545,0.9478515246134299,157083.84421544077,6.504943187224992
income,1,89,matern52_0.8h0,matern52,1.7472628598278925,0.8,139152.72803077925,6.700639606658009
income,1,89,matern52_h0,matern52,2.1840785747848654,1.0,157784.43640618422,6.416860337458489
income,1,89,matern52_1.2h0,matern52,2.6208942897418384,1.2,168829.74064519783,6.193774817047353
income,1,89,gaussian_ess_matched,gaussian,2.069479027516257,0.9475295675752432,157784.43640618422,6.4858283162544375
income,1,90,matern52_0.8h0,matern52,1.7822081170244504,0.8,140008.73356508883,6.682100285045718
income,1,90,matern52_h0,matern52,2.2277601462805627,1.0,158469.0921648563,6.399565768644427
income,1,90,matern52_1.2h0,matern52,2.673312175536675,1.2,169327.6436215708,6.178683117308365
income,1,90,gaussian_ess_matched,gaussian,2.1102370981966714,0.9472460945671795,158469.09216485632,6.467226432266385
income,1,91,matern52_0.8h0,matern52,1.8171533742210082,0.8,140857.91328038758,6.664032355150796
income,1,91,matern52_h0,matern52,2.27144171777626,1.0,159137.80365666075,6.3827777168034565
income,1,91,matern52_1.2h0,matern52,2.725730061331512,1.2,169809.4176137077,6.1640745642294705
income,1,91,gaussian_ess_matched,gaussian,2.1510502498805417,0.9469977737251469,159137.80365666075,6.44911995291259
income,1,92,matern52_0.8h0,matern52,1.852098631417566,0.8,141699.30424920164,6.646414814952517
income,1,92,matern52_h0,matern52,2.3151232892719573,1.0,159790.60335017616,6.366473916996396
income,1,92,matern52_1.2h0,matern52,2.7781479471263486,1.2,170275.5410877541,6.149926607001687
income,1,92,gaussian_ess_matched,gaussian,2.191915881772646,0.9467814919100672,159790.60335017616,6.431492164374083
income,1,93,matern52_0.8h0,matern52,1.8870438886141239,0.8,142532.02174124992,6.62922822136733
income,1,93,matern52_h0,matern52,2.3588048607676546,1.0,160427.56232166014,6.350633471838761
income,1,93,matern52_1.2h0,matern52,2.8305658329211854,1.2,170726.48862668165,6.136218083690469
income,1,93,gaussian_ess_matched,gaussian,2.232831359874881,0.946594352509611,160427.56232166017,6.414327124773768
income,1,94,matern52_0.8h0,matern52,1.9219891458106817,0.8,143355.26123135997,6.61245454300112
income,1,94,matern52_h0,matern52,2.402486432263352,1.0,161048.7877864762,6.335236742370897
income,1,94,matern52_1.2h0,matern52,2.882983718716022,1.2,171162.7301263132,6.122929114828953
income,1,94,gaussian_ess_matched,gaussian,2.2737940478600414,0.9464336686047083,161048.78778647626,6.397609588115548
income,1,95,matern52_0.8h0,matern52,1.9569344030072395,0.8,144168.2981358818,6.596077022146399
income,1,95,matern52_h0,matern52,2.446168003759049,1.0,161654.42012881328,6.320265248160407
income,1,95,matern52_1.2h0,matern52,2.935401604510859,1.2,171584.72988672843,6.110041006379178
income,1,95,gaussian_ess_matched,gaussian,2.314801328138263,0.9462969528589558,161654.42012881333,6.381324944351876
income,1,96,matern52_0.8h0,matern52,1.9918796602037974,0.8,144970.48672356797,6.580080053628551
income,1,96,matern52_h0,matern52,2.4898495752547465,1.0,162244.62983964075,6.305701577498618
income,1,96,matern52_1.2h0,matern52,2.9878194903056956,1.2,171992.9457310843,6.0975361616129256
income,1,96,gaussian_ess_matched,gaussian,2.355850620836618,0.9461819076341516,162244.62983964078,6.365459167811081
income,1,97,matern52_0.8h0,matern52,2.026824917400355,0.8,145761.2595195875,6.564449085653493
income,1,97,matern52_h0,matern52,2.5335311467504438,1.0,162819.61470215072,6.291529308079699
income,1,97,matern52_1.2h0,matern52,3.0402373761005324,1.2,172387.82825318942,6.085398001407976
income,1,97,gaussian_ess_matched,gaussian,2.396939409095376,0.9460864186215895,162819.61470215072,6.349998767145806
income,1,98,matern52_0.8h0,matern52,2.061770174596913,0.8,146540.12581067684,6.549170528898805
income,1,98,matern52_h0,matern52,2.577212718246141,1.0,163379.59693633573,6.277732934543818
income,1,98,matern52_1.2h0,matern52,3.092655261895369,1.2,172769.82011027695,6.073610891361607
income,1,98,gaussian_ess_matched,gaussian,2.438065261350389,0.9460085479515848,163379.5969363358,6.334930742951745
income,1,99,matern52_0.8h0,matern52,2.096715431793471,0.8,147306.6688178908,6.5342316696018505
income,1,99,matern52_h0,matern52,2.6208942897418384,1.0,163924.82023769114,6.264297801445149
income,1,99,matern52_1.2h0,matern52,3.145073147690206,1.2,173139.35534205093,6.0621600748267905
income,1,99,gaussian_ess_matched,gaussian,2.479225846554418,0.9459465252979071,163924.82023769116,6.320242554591844
income,1,100,matern52_0.8h0,matern52,2.1316606889900287,0.8,148060.54192850468,6.519620588412416
income,1,100,matern52_h0,matern52,2.6645758612375356,1.0,164455.54681959123,6.25121004157201
income,1,100,matern52_1.2h0,matern52,3.1974910334850426,1.2,173496.85874485012,6.051031611429182
income,1,100,gaussian_ess_matched,gaussian,2.5204189437382425,0.9458987377329385,164455.54681959125,6.305922093970513
income,2,70,matern52_0.8h0,matern52,0.9488793804842532,0.8,121559.3638180903,4.304554337927573
income,2,70,matern52_h0,matern52,1.1860992256053164,1.0,140189.86420850482,4.200841915640371
income,2,70,matern52_1.2h0,matern52,1.4233190707263796,1.2,154444.65925256303,4.087704048715876
income,2,70,gaussian_ess_matched,gaussian,1.1562460003914232,0.9748307522933776,140189.86420850482,4.261203383329085
income,2,71,matern52_0.8h0,matern52,0.9827679297872622,0.8,122517.00810538106,4.283875305639669
income,2,71,matern52_h0,matern52,1.2284599122340778,1.0,141342.04199526474,4.180170525487306
income,2,71,matern52_1.2h0,matern52,1.4741518946808934,1.2,155585.06693850702,4.067765642731436
income,2,71,gaussian_ess_matched,gaussian,1.1953810704967236,0.9730729172291858,141342.04199526476,4.240935768523195
income,2,72,matern52_0.8h0,matern52,1.0166564790902715,0.8000000000000002,123440.69757957131,4.264376316256487
income,2,72,matern52_h0,matern52,1.2708205988628392,1.0,142454.60656301666,4.160599118732095
income,2,72,matern52_1.2h0,matern52,1.5249847186354069,1.2,156676.33361271728,4.048911056744343
income,2,72,gaussian_ess_matched,gaussian,1.2344167787031866,0.9713540839735935,142454.60656301666,4.221655867198825
income,2,73,matern52_0.8h0,matern52,1.0505450283932802,0.8,124339.60738189102,4.245963471781525
income,2,73,matern52_h0,matern52,1.3131812854916003,1.0,143533.8536434336,4.142039910408992
income,2,73,matern52_1.2h0,matern52,1.5758175425899204,1.2,157723.71183332577,4.031053317142431
income,2,73,gaussian_ess_matched,gaussian,1.2733736263937503,0.9696860901555205,143533.8536434336,4.203275374030284
income,2,74,matern52_0.8h0,matern52,1.0844335776962895,0.8,125221.29313752596,4.228550183606426
income,2,74,matern52_h0,matern52,1.3555419721203616,1.0,144584.75372413776,4.124413335208498
income,2,74,matern52_1.2h0,matern52,1.6266503665444338,1.2,158731.43461725928,4.014114157742465
income,2,74,gaussian_ess_matched,gaussian,1.312271546989151,0.9680788747075635,144584.75372413776,4.185715551728492
income,2,75,matern52_0.8h0,matern52,1.1183221269992984,0.8,126091.90047192838,4.212056687628025
income,2,75,matern52_h0,matern52,1.397902658749123,1.0,145611.17944726456,4.10764725441503
income,2,75,matern52_1.2h0,matern52,1.6774831904989476,1.2,159702.9168835316,3.9980230358901485
income,2,75,gaussian_ess_matched,gaussian,1.3511293910174558,0.9665403971879407,145611.1794472646,4.16890640801373
income,2,76,matern52_0.8h0,matern52,1.1522106763023074,0.7999999999999999,126956.34645802119,4.196409554551929
income,2,76,matern52_h0,matern52,1.4402633453778844,1.0,146616.09914682378,4.09167622576521
income,2,76,matern52_1.2h0,matern52,1.7283160144534613,1.2,160640.92027225823,3.9827162627865937
income,2,76,gaussian_ess_matched,gaussian,1.3899645663084113,0.9650766790456116,146616.0991468238,4.152785873122274
income,2,77,matern52_0.8h0,matern52,1.1860992256053167,0.8,127818.47884878938,4.181541215443824
income,2,77,matern52_h0,matern52,1.4826240320066457,1.0,147601.7413691812,4.076440837918264
income,2,77,matern52_1.2h0,matern52,1.7791488384079748,1.2,161547.68752874096,3.968136236755099
income,2,77,gaussian_ess_matched,gaussian,1.4287928120911624,0.9636919281264948,147601.7413691812,4.137298998015388
income,2,78,matern52_0.8h0,matern52,1.2199877749083257,0.8000000000000002,128681.21788194311,4.167389526107398
income,2,78,matern52_h0,matern52,1.5249847186354069,1.0,148569.73461447653,4.0618871114840305
income,2,78,matern52_1.2h0,matern52,1.829981662362488,1.2,162425.0517110393,3.9542307694841896
income,2,78,gaussian_ess_matched,gaussian,1.4676280841959435,0.9623887152844472,148569.73461447656,4.1223971879763885
income,2,79,matern52_0.8h0,matern52,1.2538763242113347,0.8,129546.68292999205,4.153897364403378
income,2,79,matern52_h0,matern52,1.5673454052641682,1.0,149521.2255497461,4.047965960444719
income,2,79,matern52_1.2h0,matern52,1.8808144863170018,1.2,163274.52451463992,3.940952493767581
income,2,79,gaussian_ess_matched,gaussian,1.5064825238632193,0.9611681756959687,149521.22554974613,4.108037484494516
income,2,80,matern52_0.8h0,matern52,1.2877648735143437,0.8,130416.30581723845,4.141012257759843
income,2,80,matern52_h0,matern52,1.6097060918929296,1.0,150456.9785722679,4.034632708558937
income,2,80,matern52_1.2h0,matern52,1.9316473102715155,1.2,164097.36734485708,3.9282583426574877
income,2,80,gaussian_ess_matched,gaussian,1.5453664868900145,0.9600302158717341,150456.97857226795,4.094181902971496
income,2,81,matern52_0.8h0,matern52,1.3216534228173529,0.8,131290.93289096802,4.128686036058374
income,2,81,matern52_h0,matern52,1.652066778521691,1.0,151377.45943221575,4.021846654744076
income,2,81,matern52_1.2h0,matern52,1.982480134226029,1.2,164894.64824839428,3.9161090907454
income,2,81,gaussian_ess_matched,gaussian,1.5842886171399029,0.9589737156736258,151377.45943221575,4.080796828246475
income,2,82,matern52_0.8h0,matern52,1.3555419721203616,0.8,132170.91740812454,4.116874519095864
income,2,82,matern52_h0,matern52,1.694427465150452,1.0,152282.90523392084,4.0095706855799635
income,2,82,matern52_1.2h0,matern52,2.0333129581805425,1.2,165667.28728945972,3.9044689507407013
income,2,82,gaussian_ess_matched,gaussian,1.6232559518249705,0.9579967187800735,152282.9052339209,4.067852467517977
income,2,83,matern52_0.8h0,matern52,1.3894305214233709,0.8,133056.20339985835,4.105537254636165
income,2,83,matern52_h0,matern52,1.7367881517792134,1.0,153173.38279886835,3.9977709352061988
income,2,83,matern52_1.2h0,matern52,2.084145782135056,1.2,166416.09251111708,3.8933052201260243
income,2,83,gaussian_ess_matched,gaussian,1.6622740489009358,0.9570966080106297,153173.38279886835,4.055322358598931
income,2,84,matern52_0.8h0,matern52,1.4233190707263799,0.8,133946.4011753979,4.094637287307949
income,2,84,matern52_h0,matern52,1.7791488384079748,1.0,154048.83689605276,3.986416483601141
income,2,84,matern52_1.2h0,matern52,2.1349786060895695,1.2,167141.7881875702,3.8825879701857264
income,2,84,gaussian_ess_matched,gaussian,1.7013471259326172,0.9562702620512759,154048.83689605276,4.043182931964301
income,2,85,matern52_0.8h0,matern52,1.457207620029389,0.8,134840.85482741782,4.084140944430607
income,2,85,matern52_h0,matern52,1.8215095250367361,1.0,154909.12972316387,3.9754790861617724
income,2,85,matern52_1.2h0,matern52,2.185811430044083,1.2,167845.0368037897,3.87228977101182
income,2,85,gaussian_ess_matched,gaussian,1.7404782031674044,0.955514192621256,154909.12972316393,4.031413123524753
income,2,86,matern52_0.8h0,matern52,1.4910961693323979,0.8,135738.7020793155,4.074017625807611
income,2,86,matern52_h0,matern52,1.8638702116654973,1.0,155754.07285228997,3.9649329281602483
income,2,86,matern52_1.2h0,matern52,2.2366442539985965,1.2,168526.455952001,3.8623854468860697
income,2,86,gaussian_ess_matched,gaussian,1.779669245344838,0.9548246622572395,155754.07285229003,4.01999403452528
income,2,87,matern52_0.8h0,matern52,1.524984718635407,0.8,136638.92694273381,4.064239589837373
income,2,87,matern52_h0,matern52,1.9062308982942586,1.0,156583.45274000432,3.9547543994303616
income,2,87,matern52_1.2h0,matern52,2.28747707795311,1.2,169186.6311388816,3.8528518575377544
income,2,87,gaussian_ess_matched,gaussian,1.8189212988058616,0.9541977839271603,156583.45274000437,4.00890863443679
income,2,88,matern52_0.8h0,matern52,1.558873267938416,0.8,137540.40567309316,4.0547817349590805
income,2,88,matern52_h0,matern52,1.94859158492302,1.0,157397.05077305457,3.9449218867425624
income,2,88,matern52_1.2h0,matern52,2.338309901907624,1.2,169826.12532459942,3.843667701927889
income,2,88,gaussian_ess_matched,gaussian,1.8582346216725019,0.9536296040947505,157397.05077305457,3.998141502640822
income,2,89,matern52_0.8h0,matern52,1.592761817241425,0.8,138441.9463339334,4.045621380635064
income,2,89,matern52_h0,matern52,1.9909522715517813,1.0,158194.65865712147,3.9354155829951476
income,2,89,matern52_1.2h0,matern52,2.3891427258621376,1.2,170445.48585515344,3.8348133421529
income,2,89,gaussian_ess_matched,gaussian,1.8976088047899065,0.9531161705402805,158194.6586571215,3.987678605199029
income,2,90,matern52_0.8h0,matern52,1.6266503665444345,0.8,139342.32246235615,4.036738055635826
income,2,90,matern52_h0,matern52,2.033312958180543,1.0,158976.08989908893,3.926217313455636
income,2,90,matern52_1.2h0,matern52,2.4399755498166513,1.2,171045.24934354154,3.826270645726953
income,2,90,gaussian_ess_matched,gaussian,1.9370428825791208,0.9526535867417247,158976.08989908893,3.9775071028030196
income,2,91,matern52_0.8h0,matern52,1.6605389158474435,0.8,140240.30162652687,4.028113297410534
income,2,91,matern52_h0,matern52,2.0756736448093043,1.0,159741.18811223874,3.917310378326564
income,2,91,matern52_1.2h0,matern52,2.490808373771165,1.2,171625.94497598035,3.8180228443967135
income,2,91,gaussian_ess_matched,gaussian,1.9765354350390802,0.9522380553329558,159741.18811223874,3.9676151856208706
income,2,92,matern52_0.8h0,matern52,1.6944274651504525,0.8,141134.66929108123,4.019730460265062
income,2,92,matern52_h0,matern52,2.1180343314380656,1.0,160489.8326928608,3.908679409521226
income,2,92,matern52_1.2h0,matern52,2.5416411977256788,1.2,172188.09660439804,3.8100544073923563
income,2,92,gaussian_ess_matched,gaussian,2.0160846807009,0.951865912075209,160489.8326928609,3.9579919318322028
income,2,93,matern52_0.8h0,matern52,1.7283160144534613,0.8,142024.24774595594,4.011574532651265
income,2,93,matern52_h0,matern52,2.1603950180668265,1.0,161221.9421863966,3.9003102404859185
income,2,93,matern52_1.2h0,matern52,2.5924740216801916,1.2,172732.22387027746,3.802350927566184
income,2,93,gaussian_ess_matched,gaussian,2.055688556894638,0.9515336499591253,161221.9421863966,3.9486271882915633
income,2,94,matern52_0.8h0,matern52,1.7622045637564705,0.8,142907.90962833614,4.003631962647477
income,2,94,matern52_h0,matern52,2.202755704695588,1.0,161937.47555703437,3.892189787735293
income,2,94,matern52_1.2h0,matern52,2.6433068456347053,1.2,173258.842538677,3.7948990189696445
income,2,94,gaussian_ess_matched,gaussian,2.095344781989155,0.9512379323419904,161937.47555703437,3.9395114724658034
income,2,95,matern52_0.8h0,matern52,1.7960931130594795,0.8,143784.5870231491,3.9958904952362726
income,2,95,matern52_h0,matern52,2.2451163913243493,1.0,162636.43187585074,3.884305943860986
income,2,95,matern52_1.2h0,matern52,2.694139669589219,1.2,173768.46428278278,3.787686224863033
income,2,95,gaussian_ess_matched,gaussian,2.135050902024871,0.9509755976461635,162636.43187585077,3.9306358919937354
income,2,96,matern52_0.8h0,matern52,1.8299816623624885,0.8,144653.27934806628,3.988339033343098
income,2,96,matern52_h0,matern52,2.2874770779531106,1.0,163318.8493946781,3.8766474837813947
income,2,96,matern52_1.2h0,matern52,2.7449724935437327,1.2,174261.59626484962,3.780700935880613
income,2,96,gaussian_ess_matched,gaussian,2.1748043379540505,0.9507436638010457,163318.8493946781,3.92199207388832
income,2,97,matern52_0.8h0,matern52,1.8638702116654977,0.8,145513.0630125519,3.980967530839112
income,2,97,matern52_h0,matern52,2.329837764581872,1.0,163984.80482810663,3.8692039851621747
income,2,97,matern52_1.2h0,matern52,2.7958053174982465,1.2,174738.74078857317,3.7739323179138102
income,2,97,gaussian_ess_matched,gaussian,2.214602451323464,0.9505393401162039,163984.80482810666,3.9135720961377154
income,2,98,matern52_0.8h0,matern52,1.8977587609685067,0.8,146363.09860814945,3.9737668936351214
income,2,98,matern52_h0,matern52,2.3721984512106333,1.0,164634.41194589314,3.8619657565991563
income,2,98,matern52_1.2h0,matern52,2.8466381414527597,1.2,175200.3947791203,3.76737024711208
income,2,98,gaussian_ess_matched,gaussian,2.254442604452841,0.9503600355620768,164634.41194589314,3.9053684295848163
income,2,99,matern52_0.8h0,matern52,1.931647310271516,0.8,147202.6341981674,3.9667288819945394
income,2,99,matern52_h0,matern52,2.4145591378393947,1.0,165267.81926981485,3.854923771298002
income,2,99,matern52_1.2h0,matern52,2.8974709654072734,1.2,175647.04905246058,3.761005250765983
income,2,99,gaussian_ess_matched,gaussian,2.2943222047663046,0.9502033596159168,165267.81926981485,3.897373892147924
income,2,100,matern52_0.8h0,matern52,1.965535859574525,0.8,148031.00562368907,3.9598460176532657
income,2,100,matern52_h0,matern52,2.456919824468156,1.0,165885.20719133315,3.8480696065003497
income,2,100,matern52_1.2h0,matern52,2.948303789361787,1.2,176079.1874808766,3.7548284536796297
income,2,100,gaussian_ess_matched,gaussian,2.334238736256026,0.9500671177828578,165885.2071913332,3.889581612763134
