dataset,sex,age,reference,kernel,bandwidth,bandwidth_over_h0,ess,theta0,theta0_baseline,shift,abs_shift
income,1,70,matern52_0.8h0,matern52,1.0833029730932935,0.8,122870.75821224303,7.188573395937842,6.886993353152678,0.30158004278516426,0.30158004278516426
income,1,70,matern52_h0,matern52,1.3541287163666167,1.0,141847.48767048374,6.886993353152678,6.886993353152678,0.0,0.0
income,1,70,matern52_1.2h0,matern52,1.62495445963994,1.2,155570.1482602345,6.618107050477001,6.886993353152678,-0.2688863026756767,0.2688863026756767
income,1,70,gaussian_ess_matched,gaussian,1.3063915254638891,0.9647469326026735,141847.48767048377,6.967905707545881,6.886993353152678,0.08091235439320243,0.08091235439320243
income,1,71,matern52_0.8h0,matern52,1.1182482302898513,0.8,123718.61636909966,7.153436818494457,6.85268486576419,0.3007519527302671,0.3007519527302671
income,1,71,matern52_h0,matern52,1.397810287862314,1.0,142835.22156874408,6.85268486576419,6.85268486576419,0.0,0.0
income,1,71,matern52_1.2h0,matern52,1.6773723454347766,1.2,156494.3359532835,6.586370468653638,6.85268486576419,-0.26631439711055194,0.26631439711055194
income,1,71,gaussian_ess_matched,gaussian,1.3462072355752224,0.9630829356922185,142835.22156874413,6.934030555873068,6.85268486576419,0.08134569010887827,0.08134569010887827
income,1,72,matern52_0.8h0,matern52,1.1531934874864092,0.8,124558.20142184339,7.119787103468729,6.819842917392506,0.29994418607622286,0.29994418607622286
income,1,72,matern52_h0,matern52,1.4414918593580113,1.0,143800.44211941838,6.819842917392506,6.819842917392506,0.0,0.0
income,1,72,matern52_1.2h0,matern52,1.7297902312296134,1.2,157385.25647845503,6.556085357256946,6.819842917392506,-0.2637575601355602,0.2637575601355602
income,1,72,gaussian_ess_matched,gaussian,1.3860099148228013,0.9615107472338279,143800.44211941838,6.901482813218666,6.819842917392506,0.08163989582615994,0.08163989582615994
income,1,73,matern52_0.8h0,matern52,1.188138744682967,0.8,125394.1082905673,7.087517792054701,6.788370014178103,0.2991477778765983,0.2991477778765983
income,1,73,matern52_h0,matern52,1.4851734308537086,1.0,144745.89654094644,6.788370014178103,6.788370014178103,0.0,0.0
income,1,73,matern52_1.2h0,matern52,1.7822081170244501,1.2,158245.4917244584,6.527153687404221,6.788370014178103,-0.26121632677388185,0.26121632677388185
income,1,73,gaussian_ess_matched,gaussian,1.4258157119655364,0.9600331397969784,144745.89654094647,6.870160097129707,6.788370014178103,0.0817900829516045,0.0817900829516045
income,1,74,matern52_0.8h0,matern52,1.2230840018795248,0.8,126229.7697205521,7.056532194295672,6.758177456728086,0.29835473756758546,0.29835473756758546
income,1,74,matern52_h0,matern52,1.5288550023494059,1.0,145673.58730339326,6.758177456728086,6.758177456728086,0.0,0.0
income,1,74,matern52_1.2h0,matern52,1.834626002819287,1.2,159077.11332312928,6.499486256614792,6.758177456728086,-0.2586912001132946,0.2586912001132946
income,1,74,gaussian_ess_matched,gaussian,1.4656386248411293,0.9586511622023466,145673.5873033933,6.839972436978485,6.758177456728086,0.08179498025039855,0.08179498025039855
income,1,75,matern52_0.8h0,matern52,1.2580292590760827,0.8,127067.64620206758,7.026742441111072,6.729184392914373,0.2975580481966986,0.2975580481966986
income,1,75,matern52_h0,matern52,1.5725365738451031,1.0,146584.92711584884,6.729184392914373,6.729184392914373,0.0,0.0
income,1,75,matern52_1.2h0,matern52,1.8870438886141236,1.2,159881.7962811534,6.473001705084577,6.729184392914373,-0.2561826878297957,0.2561826878297957
income,1,75,gaussian_ess_matched,gaussian,1.5054905910543648,0.9573644366014329,146584.9271158489,6.810840720780468,6.729184392914373,0.08165632786609489,0.08165632786609489
income,1,76,matern52_0.8h0,matern52,1.2929745162726405,0.8,127909.38967384497,6.998068586540379,6.701316969709773,0.2967516168306057,0.2967516168306057
income,1,76,matern52_h0,matern52,1.6162181453408004,1.0,147480.86705996163,6.701316969709773,6.701316969709773,0.0,0.0
income,1,76,matern52_1.2h0,matern52,1.9394617744089604,1.2,160660.9094719658,6.447625654780669,6.701316969709773,-0.253691314929104,0.253691314929104
income,1,76,gaussian_ess_matched,gaussian,1.545381615481955,0.9561714301605564,147480.8670599617,6.782695282540459,6.701316969709773,0.08137831283068575,0.08137831283068575
income,1,77,matern52_0.8h0,matern52,1.3279197734691983,0.8,128755.98324799775,6.970437755652658,6.674507573728134,0.2959301819245246,0.2959301819245246
income,1,77,matern52_h0,matern52,1.6598997168364977,1.0,148362.0017123476,6.674507573728134,6.674507573728134,0.0,0.0
income,1,77,matern52_1.2h0,matern52,1.9918796602037971,1.2,161415.5872345728,6.423289954795654,6.674507573728134,-0.25121761893247996,0.25121761893247996
income,1,77,gaussian_ess_matched,gaussian,1.5853199137053946,0.9550696934431435,148362.00171234764,6.755474642644256,6.674507573728134,0.08096706891612193,0.08096706891612193
income,1,78,matern52_0.8h0,matern52,1.3628650306657564,0.8000000000000002,129607.86106711227,6.9437833741243,6.648694160441111,0.2950892136831893,0.2950892136831893
income,1,78,matern52_h0,matern52,1.7035812883321952,1.0,149228.65514327076,6.648694160441111,6.648694160441111,0.0,0.0
income,1,78,matern52_1.2h0,matern52,2.044297545998634,1.2,162146.78576856668,6.399932021581311,6.648694160441111,-0.24876213885980025,0.24876213885980025
income,1,78,gaussian_ess_matched,gaussian,1.6253120644147192,0.9540560673837281,149228.65514327082,6.7291243928749624,6.648694160441111,0.0804302324338515,0.0804302324338515
income,1,79,matern52_0.8h0,matern52,1.3978102878623142,0.8000000000000002,130465.01194466687,6.918044472485533,6.623819661164262,0.29422481132127043,0.29422481132127043
income,1,79,matern52_h0,matern52,1.7472628598278925,1.0,150080.95111694038,6.623819661164262,6.623819661164262,0.0,0.0
income,1,79,matern52_1.2h0,matern52,2.096715431793471,1.2,162855.32735205165,6.37749426060979,6.623819661164262,-0.24632540055447194,0.24632540055447194
income,1,79,gaussian_ess_matched,gaussian,1.6653631674626919,0.9531268624497244,150080.95111694044,6.703596213361562,6.623819661164262,0.07977655219730018,0.07977655219730018
income,1,80,matern52_0.8h0,matern52,1.432755545058872,0.8,131327.06882351555,6.893165066369206,6.599831460900203,0.29333360546900256,0.29333360546900256
income,1,80,matern52_h0,matern52,1.7909444313235898,1.0,150918.87000924035,6.599831460900203,6.599831460900203,0.0,0.0
income,1,80,matern52_1.2h0,matern52,2.1491333175883076,1.2,163541.93475592724,6.355923559158584,6.599831460900203,-0.24390790174161925,0.24390790174161925
income,1,80,gaussian_ess_matched,gaussian,1.705477001323852,0.9522780112521004,150918.87000924035,6.678847012855874,6.599831460900203,0.07901555195567056,0.07901555195567056
income,1,81,matern52_0.8h0,matern52,1.4677008022554299,0.8,132193.38612757134,6.869093657605527,6.576680952449955,0.29241270515557183,0.29241270515557183
income,1,81,matern52_h0,matern52,1.8346260028192871,1.0,151742.29467328102,6.576680952449955,6.576680952449955,0.0,0.0
income,1,81,matern52_1.2h0,matern52,2.2015512033831444,1.2,164207.25782346155,6.335170845415267,6.576680952449955,-0.24151010703468767,0.24151010703468767
income,1,81,gaussian_ess_matched,gaussian,1.7456561773595392,0.9515051976135588,151742.29467328102,6.654838180208647,6.576680952449955,0.07815722775869194,0.07815722775869194
income,1,82,matern52_0.8h0,matern52,1.5026460594519877,0.8,133063.10650370453,6.845782836729963,6.554323155487662,0.29145968124230137,0.29145968124230137
income,1,82,matern52_h0,matern52,1.8783075743149844,1.0,152551.0470673809,6.554323155487662,6.554323155487662,0.0,0.0
income,1,82,matern52_1.2h0,matern52,2.253969089177981,1.2,164851.89379436275,6.315190704262289,6.554323155487662,-0.2391324512253732,0.2391324512253732
income,1,82,gaussian_ess_matched,gaussian,1.78590228828537,0.950803964540624,152551.04706738092,6.6315349361009135,6.554323155487662,0.07721178061325151,0.07721178061325151
income,1,83,matern52_0.8h0,matern52,1.5375913166485455,0.8,133935.21809598687,6.823188951436353,6.532716385825616,0.2904725656107372,0.2904725656107372
income,1,83,matern52_h0,matern52,1.9219891458106817,1.0,153344.91714766654,6.532716385825616,6.532716385825616,0.0,0.0
income,1,83,matern52_1.2h0,matern52,2.306386974972818,1.2,165476.40264598592,6.295941039786368,6.532716385825616,-0.23677534603924766,0.23677534603924766
income,1,83,gaussian_ess_matched,gaussian,1.8262160485350118,0.9501698032559526,153344.91714766654,6.60890577486182,6.532716385825616,0.07618938903620442,0.07618938903620442
income,1,84,matern52_0.8h0,matern52,1.5725365738451034,0.8,134808.60323393013,6.801271808779809,6.511821961855993,0.2894498469238158,0.2894498469238158
income,1,84,matern52_h0,matern52,1.965670717306379,1.0,154123.685274289,6.511821961855993,6.511821961855993,0.0,0.0
income,1,84,matern52_1.2h0,matern52,2.3588048607676546,1.2,166081.31847671964,6.277382775949003,6.511821961855993,-0.2344391859069903,0.2344391859069903
income,1,84,gaussian_ess_matched,gaussian,1.8665974243834678,0.9495982251500015,154123.68527428902,6.586921987060813,6.511821961855993,0.07510002520481951,0.07510002520481951
income,1,85,matern52_0.8h0,matern52,1.6074818310416612,0.8,135682.07939479093,6.77999440029616,6.491603941585136,0.2883904587110244,0.2883904587110244
income,1,85,matern52_h0,matern52,2.0093522888020763,1.0,154887.1392169244,6.491603941585136,6.491603941585136,0.0,0.0
income,1,85,matern52_1.2h0,matern52,2.4112227465624914,1.2,166667.15776986466,6.259479589734695,6.491603941585136,-0.232124351850441,0.232124351850441
income,1,85,gaussian_ess_matched,gaussian,1.907045752676979,0.9490848186775204,154887.1392169244,6.565557253585333,6.491603941585136,0.07395331200019761,0.07395331200019761
income,1,86,matern52_0.8h0,matern52,1.642427088238219,0.8,136554.43335302992,6.759322647359173,6.472028886351448,0.2872937610077253,0.2872937610077253
income,1,86,matern52_h0,matern52,2.0530338602977736,1.0,155635.0867206118,6.472028886351448,6.472028886351448,0.0,0.0
income,1,86,matern52_1.2h0,matern52,2.463640632357328,1.2,167234.42522742273,6.242197672534695,6.472028886351448,-0.22983121381675353,0.22983121381675353
income,1,86,gaussian_ess_matched,gaussian,1.9475598482072318,0.9486252934594835,155635.08672061184,6.544787301867952,6.472028886351448,0.0727584155165042,0.0727584155165042
income,1,87,matern52_0.8h0,matern52,1.6773723454347769,0.8,137424.44946485586,6.7392251639209935,6.453065647674777,0.28615951624621605,0.28615951624621605
income,1,87,matern52_h0,matern52,2.096715431793471,1.0,156367.36447968232,6.453065647674777,6.453065647674777,0.0,0.0
income,1,87,matern52_1.2h0,matern52,2.516058518152165,1.2,167783.61773884692,6.225505516069955,6.453065647674777,-0.22756013160482258,0.22756013160482258
income,1,87,gaussian_ess_matched,gaussian,1.9881381007893044,0.9482155139616193,156367.36447968232,6.524589615167839,6.453065647674777,0.07152396749306167,0.07152396749306167
income,1,88,matern52_0.8h0,matern52,1.7123176026313347,0.8,138290.93285398994,6.719673035123478,6.434685174491138,0.2849878606323397,0.2849878606323397
income,1,88,matern52_h0,matern52,2.140397003289168,1.0,157083.84421544077,6.434685174491138,6.434685174491138,0.0,0.0
income,1,88,matern52_1.2h0,matern52,2.5684764039470016,1.2,168315.22693116777,6.209373719820048,6.434685174491138,-0.2253114546710897,0.2253114546710897
income,1,88,gaussian_ess_matched,gaussian,2.0287785628456545,0.9478515246134299,157083.84421544077,6.504943187224992,6.434685174491138,0.0702580127338539,0.0702580127338539
income,1,89,matern52_0.8h0,matern52,1.7472628598278925,0.8,139152.72803077925,6.700639606658009,6.416860337458489,0.28377926919951957,0.28377926919951957
income,1,89,matern52_h0,matern52,2.1840785747848654,1.0,157784.43640618422,6.416860337458489,6.416860337458489,0.0,0.0
income,1,89,matern52_1.2h0,matern52,2.6208942897418384,1.2,168829.74064519783,6.193774817047353,6.416860337458489,-0.2230855204111366,0.2230855204111366
income,1,89,gaussian_ess_matched,gaussian,2.069479027516257,0.9475295675752432,157784.43640618422,6.4858283162544375,6.416860337458489,0.06896797879594807,0.06896797879594807
income,1,90,matern52_0.8h0,matern52,1.7822081170244504,0.8,140008.73356508883,6.682100285045718,6.399565768644427,0.2825345164012907,0.2825345164012907
income,1,90,matern52_h0,matern52,2.2277601462805627,1.0,158469.0921648563,6.399565768644427,6.399565768644427,0.0,0.0
income,1,90,matern52_1.2h0,matern52,2.673312175536675,1.2,169327.6436215708,6.178683117308365,6.399565768644427,-0.220882651336062,0.220882651336062
income,1,90,gaussian_ess_matched,gaussian,2.1102370981966714,0.9472460945671795,158469.09216485632,6.467226432266385,6.399565768644427,0.06766066362195744,0.06766066362195744
income,1,91,matern52_0.8h0,matern52,1.8171533742210082,0.8,140857.91328038758,6.664032355150796,6.3827777168034565,0.2812546383473391,0.2812546383473391
income,1,91,matern52_h0,matern52,2.27144171777626,1.0,159137.80365666075,6.3827777168034565,6.3827777168034565,0.0,0.0
income,1,91,matern52_1.2h0,matern52,2.725730061331512,1.2,169809.4176137077,6.1640745642294705,6.3827777168034565,-0.21870315257398598,0.21870315257398598
income,1,91,gaussian_ess_matched,gaussian,2.1510502498805417,0.9469977737251469,159137.80365666075,6.44911995291259,6.3827777168034565,0.0663422361091337,0.0663422361091337
income,1,92,matern52_0.8h0,matern52,1.852098631417566,0.8,141699.30424920164,6.646414814952517,6.366473916996396,0.27994089795612087,0.27994089795612087
income,1,92,matern52_h0,matern52,2.3151232892719573,1.0,159790.60335017616,6.366473916996396,6.366473916996396,0.0,0.0
income,1,92,matern52_1.2h0,matern52,2.7781479471263486,1.2,170275.5410877541,6.149926607001687,6.366473916996396,-0.21654730999470928,0.21654730999470928
income,1,92,gaussian_ess_matched,gaussian,2.191915881772646,0.9467814919100672,159790.60335017616,6.431492164374083,6.366473916996396,0.06501824737768658,0.06501824737768658
income,1,93,matern52_0.8h0,matern52,1.8870438886141239,0.8,142532.02174124992,6.62922822136733,6.350633471838761,0.278594749528569,0.278594749528569
income,1,93,matern52_h0,matern52,2.3588048607676546,1.0,160427.56232166014,6.350633471838761,6.350633471838761,0.0,0.0
income,1,93,matern52_1.2h0,matern52,2.8305658329211854,1.2,170726.48862668165,6.136218083690469,6.350633471838761,-0.21441538814829197,0.21441538814829197
income,1,93,gaussian_ess_matched,gaussian,2.232831359874881,0.946594352509611,160427.56232166017,6.414327124773768,6.350633471838761,0.06369365293500717,0.06369365293500717
income,1,94,matern52_0.8h0,matern52,1.9219891458106817,0.8,143355.26123135997,6.61245454300112,6.335236742370897,0.27721780063022283,0.27721780063022283
income,1,94,matern52_h0,matern52,2.402486432263352,1.0,161048.7877864762,6.335236742370897,6.335236742370897,0.0,0.0
income,1,94,matern52_1.2h0,matern52,2.882983718716022,1.2,171162.7301263132,6.122929114828953,6.335236742370897,-0.21230762754194465,0.21230762754194465
income,1,94,gaussian_ess_matched,gaussian,2.2737940478600414,0.9464336686047083,161048.78778647626,6.397609588115548,6.335236742370897,0.06237284574465107,0.06237284574465107
income,1,95,matern52_0.8h0,matern52,1.9569344030072395,0.8,144168.2981358818,6.596077022146399,6.320265248160407,0.27581177398599177,0.27581177398599177
income,1,95,matern52_h0,matern52,2.446168003759049,1.0,161654.42012881328,6.320265248160407,6.320265248160407,0.0,0.0
income,1,95,matern52_1.2h0,matern52,2.935401604510859,1.2,171584.72988672843,6.110041006379178,6.320265248160407,-0.210224241781229,0.210224241781229
income,1,95,gaussian_ess_matched,gaussian,2.314801328138263,0.9462969528589558,161654.42012881333,6.381324944351876,6.320265248160407,0.061059696191469115,0.061059696191469115
income,1,96,matern52_0.8h0,matern52,1.9918796602037974,0.8,144970.48672356797,6.580080053628551,6.305701577498618,0.27437847612993327,0.27437847612993327
income,1,96,matern52_h0,matern52,2.4898495752547465,1.0,162244.62983964075,6.305701577498618,6.305701577498618,0.0,0.0
income,1,96,matern52_1.2h0,matern52,2.9878194903056956,1.2,171992.9457310843,6.0975361616129256,6.305701577498618,-0.20816541588569226,0.20816541588569226
income,1,96,gaussian_ess_matched,gaussian,2.355850620836618,0.9461819076341516,162244.62983964078,6.365459167811081,6.305701577498618,0.059757590312463194,0.059757590312463194
income,1,97,matern52_0.8h0,matern52,2.026824917400355,0.8,145761.2595195875,6.564449085653493,6.291529308079699,0.2729197775737937,0.2729197775737937
income,1,97,matern52_h0,matern52,2.5335311467504438,1.0,162819.61470215072,6.291529308079699,6.291529308079699,0.0,0.0
income,1,97,matern52_1.2h0,matern52,3.0402373761005324,1.2,172387.82825318942,6.085398001407976,6.291529308079699,-0.20613130667172364,0.20613130667172364
income,1,97,gaussian_ess_matched,gaussian,2.396939409095376,0.9460864186215895,162819.61470215072,6.349998767145806,6.291529308079699,0.058469459066106566,0.058469459066106566
income,1,98,matern52_0.8h0,matern52,2.061770174596913,0.8,146540.12581067684,6.549170528898805,6.277732934543818,0.27143759435498716,0.27143759435498716
income,1,98,matern52_h0,matern52,2.577212718246141,1.0,163379.59693633573,6.277732934543818,6.277732934543818,0.0,0.0
income,1,98,matern52_1.2h0,matern52,3.092655261895369,1.2,172769.82011027695,6.073610891361607,6.277732934543818,-0.2041220431822106,0.2041220431822106
income,1,98,gaussian_ess_matched,gaussian,2.438065261350389,0.9460085479515848,163379.5969363358,6.334930742951745,6.277732934543818,0.05719780840792765,0.05719780840792765
income,1,99,matern52_0.8h0,matern52,2.096715431793471,0.8,147306.6688178908,6.5342316696018505,6.264297801445149,0.2699338681567012,0.2699338681567012
income,1,99,matern52_h0,matern52,2.6208942897418384,1.0,163924.82023769114,6.264297801445149,6.264297801445149,0.0,0.0
income,1,99,matern52_1.2h0,matern52,3.145073147690206,1.2,173139.35534205093,6.0621600748267905,6.264297801445149,-0.20213772661835883,0.20213772661835883
income,1,99,gaussian_ess_matched,gaussian,2.479225846554418,0.9459465252979071,163924.82023769116,6.320242554591844,6.264297801445149,0.05594475314669456,0.05594475314669456
income,1,100,matern52_0.8h0,matern52,2.1316606889900287,0.8,148060.54192850468,6.519620588412416,6.25121004157201,0.2684105468404061,0.2684105468404061
income,1,100,matern52_h0,matern52,2.6645758612375356,1.0,164455.54681959123,6.25121004157201,6.25121004157201,0.0,0.0
income,1,100,matern52_1.2h0,matern52,3.1974910334850426,1.2,173496.85874485012,6.051031611429182,6.25121004157201,-0.2001784301428282,0.2001784301428282
income,1,100,gaussian_ess_matched,gaussian,2.5204189437382425,0.9458987377329385,164455.54681959125,6.305922093970513,6.25121004157201,0.05471205239850274,0.05471205239850274
income,2,70,matern52_0.8h0,matern52,0.9488793804842532,0.8,121559.3638180903,4.304554337927573,4.200841915640371,0.10371242228720146,0.10371242228720146
income,2,70,matern52_h0,matern52,1.1860992256053164,1.0,140189.86420850482,4.200841915640371,4.200841915640371,0.0,0.0
income,2,70,matern52_1.2h0,matern52,1.4233190707263796,1.2,154444.65925256303,4.087704048715876,4.200841915640371,-0.1131378669244949,0.1131378669244949
income,2,70,gaussian_ess_matched,gaussian,1.1562460003914232,0.9748307522933776,140189.86420850482,4.261203383329085,4.200841915640371,0.060361467688713866,0.060361467688713866
income,2,71,matern52_0.8h0,matern52,0.9827679297872622,0.8,122517.00810538106,4.283875305639669,4.180170525487306,0.10370478015236362,0.10370478015236362
income,2,71,matern52_h0,matern52,1.2284599122340778,1.0,141342.04199526474,4.180170525487306,4.180170525487306,0.0,0.0
income,2,71,matern52_1.2h0,matern52,1.4741518946808934,1.2,155585.06693850702,4.067765642731436,4.180170525487306,-0.1124048827558699,0.1124048827558699
income,2,71,gaussian_ess_matched,gaussian,1.1953810704967236,0.9730729172291858,141342.04199526476,4.240935768523195,4.180170525487306,0.06076524303588915,0.06076524303588915
income,2,72,matern52_0.8h0,matern52,1.0166564790902715,0.8000000000000002,123440.69757957131,4.264376316256487,4.160599118732095,0.1037771975243924,0.1037771975243924
income,2,72,matern52_h0,matern52,1.2708205988628392,1.0,142454.60656301666,4.160599118732095,4.160599118732095,0.0,0.0
income,2,72,matern52_1.2h0,matern52,1.5249847186354069,1.2,156676.33361271728,4.048911056744343,4.160599118732095,-0.11168806198775183,0.11168806198775183
income,2,72,gaussian_ess_matched,gaussian,1.2344167787031866,0.9713540839735935,142454.60656301666,4.221655867198825,4.160599118732095,0.06105674846673015,0.06105674846673015
income,2,73,matern52_0.8h0,matern52,1.0505450283932802,0.8,124339.60738189102,4.245963471781525,4.142039910408992,0.10392356137253245,0.10392356137253245
income,2,73,matern52_h0,matern52,1.3131812854916003,1.0,143533.8536434336,4.142039910408992,4.142039910408992,0.0,0.0
income,2,73,matern52_1.2h0,matern52,1.5758175425899204,1.2,157723.71183332577,4.031053317142431,4.142039910408992,-0.1109865932665608,0.1109865932665608
income,2,73,gaussian_ess_matched,gaussian,1.2733736263937503,0.9696860901555205,143533.8536434336,4.203275374030284,4.142039910408992,0.06123546362129151,0.06123546362129151
income,2,74,matern52_0.8h0,matern52,1.0844335776962895,0.8,125221.29313752596,4.228550183606426,4.124413335208498,0.10413684839792836,0.10413684839792836
income,2,74,matern52_h0,matern52,1.3555419721203616,1.0,144584.75372413776,4.124413335208498,4.124413335208498,0.0,0.0
income,2,74,matern52_1.2h0,matern52,1.6266503665444338,1.2,158731.43461725928,4.014114157742465,4.124413335208498,-0.11029917746603335,0.11029917746603335
income,2,74,gaussian_ess_matched,gaussian,1.312271546989151,0.9680788747075635,144584.75372413776,4.185715551728492,4.124413335208498,0.061302216519994346,0.061302216519994346
income,2,75,matern52_0.8h0,matern52,1.1183221269992984,0.8,126091.90047192838,4.212056687628025,4.10764725441503,0.10440943321299478,0.10440943321299478
income,2,75,matern52_h0,matern52,1.397902658749123,1.0,145611.17944726456,4.10764725441503,4.10764725441503,0.0,0.0
income,2,75,matern52_1.2h0,matern52,1.6774831904989476,1.2,159702.9168835316,3.9980230358901485,4.10764725441503,-0.10962421852488191,0.10962421852488191
income,2,75,gaussian_ess_matched,gaussian,1.3511293910174558,0.9665403971879407,145611.1794472646,4.16890640801373,4.10764725441503,0.06125915359869971,0.06125915359869971
income,2,76,matern52_0.8h0,matern52,1.1522106763023074,0.7999999999999999,126956.34645802119,4.196409554551929,4.09167622576521,0.10473332878671915,0.10473332878671915
income,2,76,matern52_h0,matern52,1.4402633453778844,1.0,146616.09914682378,4.09167622576521,4.09167622576521,0.0,0.0
income,2,76,matern52_1.2h0,matern52,1.7283160144534613,1.2,160640.92027225823,3.9827162627865937,4.09167622576521,-0.10895996297861599,0.10895996297861599
income,2,76,gaussian_ess_matched,gaussian,1.3899645663084113,0.9650766790456116,146616.0991468238,4.152785873122274,4.09167622576521,0.061109647357064034,0.061109647357064034
income,2,77,matern52_0.8h0,matern52,1.1860992256053167,0.8,127818.47884878938,4.181541215443824,4.076440837918264,0.10510037752555945,0.10510037752555945
income,2,77,matern52_h0,matern52,1.4826240320066457,1.0,147601.7413691812,4.076440837918264,4.076440837918264,0.0,0.0
income,2,77,matern52_1.2h0,matern52,1.7791488384079748,1.2,161547.68752874096,3.968136236755099,4.076440837918264,-0.10830460116316543,0.10830460116316543
income,2,77,gaussian_ess_matched,gaussian,1.4287928120911624,0.9636919281264948,147601.7413691812,4.137298998015388,4.076440837918264,0.06085816009712364,0.06085816009712364
income,2,78,matern52_0.8h0,matern52,1.2199877749083257,0.8000000000000002,128681.21788194311,4.167389526107398,4.0618871114840305,0.10550241462336718,0.10550241462336718
income,2,78,matern52_h0,matern52,1.5249847186354069,1.0,148569.73461447653,4.0618871114840305,4.0618871114840305,0.0,0.0
income,2,78,matern52_1.2h0,matern52,1.829981662362488,1.2,162425.0517110393,3.9542307694841896,4.0618871114840305,-0.10765634199984087,0.10765634199984087
income,2,78,gaussian_ess_matched,gaussian,1.4676280841959435,0.9623887152844472,148569.73461447656,4.1223971879763885,4.0618871114840305,0.06051007649235807,0.06051007649235807
income,2,79,matern52_0.8h0,matern52,1.2538763242113347,0.8,129546.68292999205,4.153897364403378,4.047965960444719,0.10593140395865941,0.10593140395865941
income,2,79,matern52_h0,matern52,1.5673454052641682,1.0,149521.2255497461,4.047965960444719,4.047965960444719,0.0,0.0
income,2,79,matern52_1.2h0,matern52,1.8808144863170018,1.2,163274.52451463992,3.940952493767581,4.047965960444719,-0.10701346667713807,0.10701346667713807
income,2,79,gaussian_ess_matched,gaussian,1.5064825238632193,0.9611681756959687,149521.22554974613,4.108037484494516,4.047965960444719,0.0600715240497971,0.0600715240497971
income,2,80,matern52_0.8h0,matern52,1.2877648735143437,0.8,130416.30581723845,4.141012257759843,4.034632708558937,0.10637954920090564,0.10637954920090564
income,2,80,matern52_h0,matern52,1.6097060918929296,1.0,150456.9785722679,4.034632708558937,4.034632708558937,0.0,0.0
income,2,80,matern52_1.2h0,matern52,1.9316473102715155,1.2,164097.36734485708,3.9282583426574877,4.034632708558937,-0.10637436590144933,0.10637436590144933
income,2,80,gaussian_ess_matched,gaussian,1.5453664868900145,0.9600302158717341,150456.97857226795,4.094181902971496,4.034632708558937,0.05954919441255857,0.05954919441255857
income,2,81,matern52_0.8h0,matern52,1.3216534228173529,0.8,131290.93289096802,4.128686036058374,4.021846654744076,0.10683938131429827,0.10683938131429827
income,2,81,matern52_h0,matern52,1.652066778521691,1.0,151377.45943221575,4.021846654744076,4.021846654744076,0.0,0.0
income,2,81,matern52_1.2h0,matern52,1.982480134226029,1.2,164894.64824839428,3.9161090907454,4.021846654744076,-0.10573756399867573,0.10573756399867573
income,2,81,gaussian_ess_matched,gaussian,1.5842886171399029,0.9589737156736258,151377.45943221575,4.080796828246475,4.021846654744076,0.058950173502399394,0.058950173502399394
income,2,82,matern52_0.8h0,matern52,1.3555419721203616,0.8,132170.91740812454,4.116874519095864,4.0095706855799635,0.10730383351590067,0.10730383351590067
income,2,82,matern52_h0,matern52,1.694427465150452,1.0,152282.90523392084,4.0095706855799635,4.0095706855799635,0.0,0.0
income,2,82,matern52_1.2h0,matern52,2.0333129581805425,1.2,165667.28728945972,3.9044689507407013,4.0095706855799635,-0.10510173483926222,0.10510173483926222
income,2,82,gaussian_ess_matched,gaussian,1.6232559518249705,0.9579967187800735,152282.9052339209,4.067852467517977,4.0095706855799635,0.05828178193801303,0.05828178193801303
income,2,83,matern52_0.8h0,matern52,1.3894305214233709,0.8,133056.20339985835,4.105537254636165,3.9977709352061988,0.10776631942996584,0.10776631942996584
income,2,83,matern52_h0,matern52,1.7367881517792134,1.0,153173.38279886835,3.9977709352061988,3.9977709352061988,0.0,0.0
income,2,83,matern52_1.2h0,matern52,2.084145782135056,1.2,166416.09251111708,3.8933052201260243,3.9977709352061988,-0.10446571508017444,0.10446571508017444
income,2,83,gaussian_ess_matched,gaussian,1.6622740489009358,0.9570966080106297,153173.38279886835,4.055322358598931,3.9977709352061988,0.05755142339273256,0.05755142339273256
income,2,84,matern52_0.8h0,matern52,1.4233190707263799,0.8,133946.4011753979,4.094637287307949,3.986416483601141,0.10822080370680753,0.10822080370680753
income,2,84,matern52_h0,matern52,1.7791488384079748,1.0,154048.83689605276,3.986416483601141,3.986416483601141,0.0,0.0
income,2,84,matern52_1.2h0,matern52,2.1349786060895695,1.2,167141.7881875702,3.8825879701857264,3.986416483601141,-0.10382851341541466,0.10382851341541466
income,2,84,gaussian_ess_matched,gaussian,1.7013471259326172,0.9562702620512759,154048.83689605276,4.043182931964301,3.986416483601141,0.05676644836316003,0.05676644836316003
income,2,85,matern52_0.8h0,matern52,1.457207620029389,0.8,134840.85482741782,4.084140944430607,3.9754790861617724,0.10866185826883479,0.10866185826883479
income,2,85,matern52_h0,matern52,1.8215095250367361,1.0,154909.12972316387,3.9754790861617724,3.9754790861617724,0.0,0.0
income,2,85,matern52_1.2h0,matern52,2.185811430044083,1.2,167845.0368037897,3.87228977101182,3.9754790861617724,-0.10318931514995233,0.10318931514995233
income,2,85,gaussian_ess_matched,gaussian,1.7404782031674044,0.955514192621256,154909.12972316393,4.031413123524753,3.9754790861617724,0.055934037362980416,0.055934037362980416
income,2,86,matern52_0.8h0,matern52,1.4910961693323979,0.8,135738.7020793155,4.074017625807611,3.9649329281602483,0.10908469764736228,0.10908469764736228
income,2,86,matern52_h0,matern52,1.8638702116654973,1.0,155754.07285228997,3.9649329281602483,3.9649329281602483,0.0,0.0
income,2,86,matern52_1.2h0,matern52,2.2366442539985965,1.2,168526.455952001,3.8623854468860697,3.9649329281602483,-0.10254748127417868,0.10254748127417868
income,2,86,gaussian_ess_matched,gaussian,1.779669245344838,0.9548246622572395,155754.07285229003,4.01999403452528,3.9649329281602483,0.0550611063650317,0.0550611063650317
income,2,87,matern52_0.8h0,matern52,1.524984718635407,0.8,136638.92694273381,4.064239589837373,3.9547543994303616,0.10948519040701177,0.10948519040701177
income,2,87,matern52_h0,matern52,1.9062308982942586,1.0,156583.45274000432,3.9547543994303616,3.9547543994303616,0.0,0.0
income,2,87,matern52_1.2h0,matern52,2.28747707795311,1.2,169186.6311388816,3.8528518575377544,3.9547543994303616,-0.10190254189260717,0.10190254189260717
income,2,87,gaussian_ess_matched,gaussian,1.8189212988058616,0.9541977839271603,156583.45274000437,4.00890863443679,3.9547543994303616,0.054154235006428575,0.054154235006428575
income,2,88,matern52_0.8h0,matern52,1.558873267938416,0.8,137540.40567309316,4.0547817349590805,3.9449218867425624,0.10985984821651806,0.10985984821651806
income,2,88,matern52_h0,matern52,1.94859158492302,1.0,157397.05077305457,3.9449218867425624,3.9449218867425624,0.0,0.0
income,2,88,matern52_1.2h0,matern52,2.338309901907624,1.2,169826.12532459942,3.843667701927889,3.9449218867425624,-0.1012541848146733,0.1012541848146733
income,2,88,gaussian_ess_matched,gaussian,1.8582346216725019,0.9536296040947505,157397.05077305457,3.998141502640822,3.9449218867425624,0.05321961589825941,0.05321961589825941
income,2,89,matern52_0.8h0,matern52,1.592761817241425,0.8,138441.9463339334,4.045621380635064,3.9354155829951476,0.110205797639916,0.110205797639916
income,2,89,matern52_h0,matern52,1.9909522715517813,1.0,158194.65865712147,3.9354155829951476,3.9354155829951476,0.0,0.0
income,2,89,matern52_1.2h0,matern52,2.3891427258621376,1.2,170445.48585515344,3.8348133421529,3.9354155829951476,-0.10060224084224778,0.10060224084224778
income,2,89,gaussian_ess_matched,gaussian,1.8976088047899065,0.9531161705402805,158194.6586571215,3.987678605199029,3.9354155829951476,0.05226302220388135,0.05226302220388135
income,2,90,matern52_0.8h0,matern52,1.6266503665444345,0.8,139342.32246235615,4.036738055635826,3.926217313455636,0.11052074218019037,0.11052074218019037
income,2,90,matern52_h0,matern52,2.033312958180543,1.0,158976.08989908893,3.926217313455636,3.926217313455636,0.0,0.0
income,2,90,matern52_1.2h0,matern52,2.4399755498166513,1.2,171045.24934354154,3.826270645726953,3.926217313455636,-0.0999466677286831,0.0999466677286831
income,2,90,gaussian_ess_matched,gaussian,1.9370428825791208,0.9526535867417247,158976.08989908893,3.9775071028030196,3.926217313455636,0.051289789347383596,0.051289789347383596
income,2,91,matern52_0.8h0,matern52,1.6605389158474435,0.8,140240.30162652687,4.028113297410534,3.917310378326564,0.11080291908396989,0.11080291908396989
income,2,91,matern52_h0,matern52,2.0756736448093043,1.0,159741.18811223874,3.917310378326564,3.917310378326564,0.0,0.0
income,2,91,matern52_1.2h0,matern52,2.490808373771165,1.2,171625.94497598035,3.8180228443967135,3.917310378326564,-0.09928753392985046,0.09928753392985046
income,2,91,gaussian_ess_matched,gaussian,1.9765354350390802,0.9522380553329558,159741.18811223874,3.9676151856208706,3.917310378326564,0.05030480729430664,0.05030480729430664
income,2,92,matern52_0.8h0,matern52,1.6944274651504525,0.8,141134.66929108123,4.019730460265062,3.908679409521226,0.11105105074383559,0.11105105074383559
income,2,92,matern52_h0,matern52,2.1180343314380656,1.0,160489.8326928608,3.908679409521226,3.908679409521226,0.0,0.0
income,2,92,matern52_1.2h0,matern52,2.5416411977256788,1.2,172188.09660439804,3.8100544073923563,3.908679409521226,-0.09862500212886971,0.09862500212886971
income,2,92,gaussian_ess_matched,gaussian,2.0160846807009,0.951865912075209,160489.8326928609,3.9579919318322028,3.908679409521226,0.049312522310976714,0.049312522310976714
income,2,93,matern52_0.8h0,matern52,1.7283160144534613,0.8,142024.24774595594,4.011574532651265,3.9003102404859185,0.11126429216534639,0.11126429216534639
income,2,93,matern52_h0,matern52,2.1603950180668265,1.0,161221.9421863966,3.9003102404859185,3.9003102404859185,0.0,0.0
income,2,93,matern52_1.2h0,matern52,2.5924740216801916,1.2,172732.22387027746,3.802350927566184,3.9003102404859185,-0.09795931291973448,0.09795931291973448
income,2,93,gaussian_ess_matched,gaussian,2.055688556894638,0.9515336499591253,161221.9421863966,3.9486271882915633,3.9003102404859185,0.04831694780564488,0.04831694780564488
income,2,94,matern52_0.8h0,matern52,1.7622045637564705,0.8,142907.90962833614,4.003631962647477,3.892189787735293,0.11144217491218367,0.11144217491218367
income,2,94,matern52_h0,matern52,2.202755704695588,1.0,161937.47555703437,3.892189787735293,3.892189787735293,0.0,0.0
income,2,94,matern52_1.2h0,matern52,2.6433068456347053,1.2,173258.842538677,3.7948990189696445,3.892189787735293,-0.09729076876564857,0.09729076876564857
income,2,94,gaussian_ess_matched,gaussian,2.095344781989155,0.9512379323419904,161937.47555703437,3.9395114724658034,3.892189787735293,0.04732168473051024,0.04732168473051024
income,2,95,matern52_0.8h0,matern52,1.7960931130594795,0.8,143784.5870231491,3.9958904952362726,3.884305943860986,0.11158455137528644,0.11158455137528644
income,2,95,matern52_h0,matern52,2.2451163913243493,1.0,162636.43187585074,3.884305943860986,3.884305943860986,0.0,0.0
income,2,95,matern52_1.2h0,matern52,2.694139669589219,1.2,173768.46428278278,3.787686224863033,3.884305943860986,-0.09661971899795319,0.09661971899795319
income,2,95,gaussian_ess_matched,gaussian,2.135050902024871,0.9509755976461635,162636.43187585077,3.9306358919937354,3.884305943860986,0.046329948132749266,0.046329948132749266
income,2,96,matern52_0.8h0,matern52,1.8299816623624885,0.8,144653.27934806628,3.988339033343098,3.8766474837813947,0.11169154956170324,0.11169154956170324
income,2,96,matern52_h0,matern52,2.2874770779531106,1.0,163318.8493946781,3.8766474837813947,3.8766474837813947,0.0,0.0
income,2,96,matern52_1.2h0,matern52,2.7449724935437327,1.2,174261.59626484962,3.780700935880613,3.8766474837813947,-0.09594654790078172,0.09594654790078172
income,2,96,gaussian_ess_matched,gaussian,2.1748043379540505,0.9507436638010457,163318.8493946781,3.92199207388832,3.8766474837813947,0.04534459010692515,0.04534459010692515
income,2,97,matern52_0.8h0,matern52,1.8638702116654977,0.8,145513.0630125519,3.980967530839112,3.8692039851621747,0.11176354567693725,0.11176354567693725
income,2,97,matern52_h0,matern52,2.329837764581872,1.0,163984.80482810663,3.8692039851621747,3.8692039851621747,0.0,0.0
income,2,97,matern52_1.2h0,matern52,2.7958053174982465,1.2,174738.74078857317,3.7739323179138102,3.8692039851621747,-0.09527166724836444,0.09527166724836444
income,2,97,gaussian_ess_matched,gaussian,2.214602451323464,0.9505393401162039,163984.80482810666,3.9135720961377154,3.8692039851621747,0.04436811097554072,0.04436811097554072
income,2,98,matern52_0.8h0,matern52,1.8977587609685067,0.8,146363.09860814945,3.9737668936351214,3.8619657565991563,0.11180113703596506,0.11180113703596506
income,2,98,matern52_h0,matern52,2.3721984512106333,1.0,164634.41194589314,3.8619657565991563,3.8619657565991563,0.0,0.0
income,2,98,matern52_1.2h0,matern52,2.8466381414527597,1.2,175200.3947791203,3.76737024711208,3.8619657565991563,-0.09459550948707651,0.09459550948707651
income,2,98,gaussian_ess_matched,gaussian,2.254442604452841,0.9503600355620768,164634.41194589314,3.9053684295848163,3.8619657565991563,0.04340267298566003,0.04340267298566003
income,2,99,matern52_0.8h0,matern52,1.931647310271516,0.8,147202.6341981674,3.9667288819945394,3.854923771298002,0.11180511069653765,0.11180511069653765
income,2,99,matern52_h0,matern52,2.4145591378393947,1.0,165267.81926981485,3.854923771298002,3.854923771298002,0.0,0.0
income,2,99,matern52_1.2h0,matern52,2.8974709654072734,1.2,175647.04905246058,3.761005250765983,3.854923771298002,-0.09391852053201877,0.09391852053201877
income,2,99,gaussian_ess_matched,gaussian,2.2943222047663046,0.9502033596159168,165267.81926981485,3.897373892147924,3.854923771298002,0.04245012084992217,0.04245012084992217
income,2,100,matern52_0.8h0,matern52,1.965535859574525,0.8,148031.00562368907,3.9598460176532657,3.8480696065003497,0.11177641115291603,0.11177641115291603
income,2,100,matern52_h0,matern52,2.456919824468156,1.0,165885.20719133315,3.8480696065003497,3.8480696065003497,0.0,0.0
income,2,100,matern52_1.2h0,matern52,2.948303789361787,1.2,176079.1874808766,3.7548284536796297,3.8480696065003497,-0.09324115282071999,0.09324115282071999
income,2,100,gaussian_ess_matched,gaussian,2.334238736256026,0.9500671177828578,165885.2071913332,3.889581612763134,3.8480696065003497,0.04151200626278451,0.04151200626278451
